year,county,income_rank,unemp_rank,dominant_party
1996,南投縣,19,17,KMT
1996,嘉義市,10,6,KMT
1996,嘉義縣,13,11,DPP
1996,基隆市,7,12,KMT
1996,宜蘭縣,17,13,DPP
1996,屏東縣,12,14,DPP
1996,彰化縣,20,8,KMT
1996,新北市,5,7,KMT
1996,新竹市,2,4,KMT
1996,新竹縣,3,1,KMT
1996,桃園市,8,2,KMT
1996,澎湖縣,14,16,KMT
1996,臺中市,9,5,KMT
1996,臺北市,1,3,KMT
1996,臺南市,11,10,DPP
1996,臺東縣,16,19,KMT
1996,花蓮縣,4,20,KMT
1996,苗栗縣,15,9,KMT
1996,雲林縣,18,18,DPP
1996,高雄市,6,15,DPP
1997,南投縣,20,17,KMT
1997,嘉義市,10,6,KMT
1997,嘉義縣,13,11,DPP
1997,基隆市,8,12,KMT
1997,宜蘭縣,17,13,DPP
1997,屏東縣,12,14,DPP
1997,彰化縣,19,8,KMT
1997,新北市,5,7,KMT
1997,新竹市,2,4,KMT
1997,新竹縣,3,1,KMT
1997,桃園市,7,2,KMT
1997,澎湖縣,14,16,KMT
1997,臺中市,9,5,KMT
1997,臺北市,1,3,KMT
1997,臺南市,11,10,DPP
1997,臺東縣,16,19,KMT
1997,花蓮縣,4,20,KMT
1997,苗栗縣,15,9,KMT
1997,雲林縣,18,18,DPP
1997,高雄市,6,15,DPP
1998,南投縣,20,17,KMT
1998,嘉義市,10,6,KMT
1998,嘉義縣,13,11,DPP
1998,基隆市,8,12,KMT
1998,宜蘭縣,16,13,DPP
1998,屏東縣,12,14,DPP
1998,彰化縣,19,8,KMT
1998,新北市,4,7,KMT
1998,新竹市,2,4,KMT
1998,新竹縣,3,1,KMT
1998,桃園市,6,2,KMT
1998,澎湖縣,14,16,KMT
1998,臺中市,9,5,KMT
1998,臺北市,1,3,KMT
1998,臺南市,11,10,DPP
1998,臺東縣,17,19,KMT
1998,花蓮縣,5,20,KMT
1998,苗栗縣,15,9,KMT
1998,雲林縣,18,18,DPP
1998,高雄市,7,15,DPP
1999,南投縣,20,17,KMT
1999,嘉義市,10,6,KMT
1999,嘉義縣,13,11,DPP
1999,基隆市,8,12,KMT
1999,宜蘭縣,16,13,DPP
1999,屏東縣,12,14,DPP
1999,彰化縣,19,8,KMT
1999,新北市,4,7,KMT
1999,新竹市,2,4,KMT
1999,新竹縣,3,1,KMT
1999,桃園市,6,2,KMT
1999,澎湖縣,14,16,KMT
1999,臺中市,9,5,KMT
1999,臺北市,1,3,KMT
1999,臺南市,11,10,DPP
1999,臺東縣,18,19,KMT
1999,花蓮縣,5,20,KMT
1999,苗栗縣,15,9,KMT
1999,雲林縣,17,18,DPP
1999,高雄市,7,15,DPP
2000,南投縣,20,18,KMT
2000,嘉義市,10,8,KMT
2000,嘉義縣,12,11,DPP
2000,基隆市,8,12,KMT
2000,宜蘭縣,16,13,DPP
2000,屏東縣,13,14,DPP
2000,彰化縣,19,10,KMT
2000,新北市,4,9,KMT
2000,新竹市,2,4,KMT
2000,新竹縣,3,1,KMT
2000,桃園市,5,2,KMT
2000,澎湖縣,14,17,KMT
2000,臺中市,9,7,KMT
2000,臺北市,1,3,KMT
2000,臺南市,11,6,DPP
2000,臺東縣,18,19,KMT
2000,花蓮縣,7,20,KMT
2000,苗栗縣,15,5,KMT
2000,雲林縣,17,16,DPP
2000,高雄市,6,15,DPP
2001,南投縣,20,18,KMT
2001,嘉義市,10,8,KMT
2001,嘉義縣,12,12,DPP
2001,基隆市,9,13,KMT
2001,宜蘭縣,16,14,DPP
2001,屏東縣,13,17,DPP
2001,彰化縣,19,10,KMT
2001,新北市,4,9,KMT
2001,新竹市,2,4,KMT
2001,新竹縣,3,1,KMT
2001,桃園市,5,2,KMT
2001,澎湖縣,14,16,KMT
2001,臺中市,8,7,KMT
2001,臺北市,1,3,KMT
2001,臺南市,11,6,DPP
2001,臺東縣,18,19,KMT
2001,花蓮縣,7,20,KMT
2001,苗栗縣,15,5,KMT
2001,雲林縣,17,11,DPP
2001,高雄市,6,15,DPP
2002,南投縣,20,18,KMT
2002,嘉義市,10,8,KMT
2002,嘉義縣,12,12,DPP
2002,基隆市,9,13,KMT
2002,宜蘭縣,16,14,DPP
2002,屏東縣,14,17,DPP
2002,彰化縣,19,10,KMT
2002,新北市,4,9,KMT
2002,新竹市,2,4,KMT
2002,新竹縣,3,1,KMT
2002,桃園市,5,2,KMT
2002,澎湖縣,15,16,KMT
2002,臺中市,7,7,KMT
2002,臺北市,1,3,KMT
2002,臺南市,11,6,DPP
2002,臺東縣,18,19,KMT
2002,花蓮縣,8,20,KMT
2002,苗栗縣,13,5,KMT
2002,雲林縣,17,11,DPP
2002,高雄市,6,15,DPP
2003,南投縣,20,18,KMT
2003,嘉義市,10,8,KMT
2003,嘉義縣,13,12,DPP
2003,基隆市,9,13,KMT
2003,宜蘭縣,16,14,DPP
2003,屏東縣,14,17,DPP
2003,彰化縣,19,10,KMT
2003,新北市,4,9,KMT
2003,新竹市,2,4,KMT
2003,新竹縣,3,1,KMT
2003,桃園市,5,2,KMT
2003,澎湖縣,15,16,KMT
2003,臺中市,7,7,KMT
2003,臺北市,1,3,KMT
2003,臺南市,11,6,DPP
2003,臺東縣,18,19,KMT
2003,花蓮縣,8,20,KMT
2003,苗栗縣,12,5,KMT
2003,雲林縣,17,11,DPP
2003,高雄市,6,15,DPP
2004,南投縣,20,18,KMT
2004,嘉義市,10,8,KMT
2004,嘉義縣,13,12,DPP
2004,基隆市,8,13,KMT
2004,宜蘭縣,16,14,DPP
2004,屏東縣,14,17,DPP
2004,彰化縣,19,10,KMT
2004,新北市,4,9,KMT
2004,新竹市,2,4,KMT
2004,新竹縣,3,1,KMT
2004,桃園市,5,2,KMT
2004,澎湖縣,15,16,KMT
2004,臺中市,7,7,KMT
2004,臺北市,1,3,KMT
2004,臺南市,11,6,DPP
2004,臺東縣,18,19,KMT
2004,花蓮縣,9,20,KMT
2004,苗栗縣,12,5,KMT
2004,雲林縣,17,11,DPP
2004,高雄市,6,15,DPP
2005,南投縣,20,18,KMT
2005,嘉義市,10,8,KMT
2005,嘉義縣,13,12,DPP
2005,基隆市,8,13,KMT
2005,宜蘭縣,15,14,DPP
2005,屏東縣,14,17,DPP
2005,彰化縣,18,10,KMT
2005,新北市,4,9,KMT
2005,新竹市,2,6,KMT
2005,新竹縣,3,1,KMT
2005,桃園市,5,2,KMT
2005,澎湖縣,16,16,KMT
2005,臺中市,7,7,KMT
2005,臺北市,1,5,KMT
2005,臺南市,11,4,DPP
2005,臺東縣,19,19,KMT
2005,花蓮縣,9,20,KMT
2005,苗栗縣,12,3,KMT
2005,雲林縣,17,11,DPP
2005,高雄市,6,15,DPP
2006,南投縣,20,16,KMT
2006,嘉義市,10,7,KMT
2006,嘉義縣,13,12,DPP
2006,基隆市,8,14,KMT
2006,宜蘭縣,14,15,DPP
2006,屏東縣,16,17,DPP
2006,彰化縣,18,8,KMT
2006,新北市,4,10,KMT
2006,新竹市,2,4,KMT
2006,新竹縣,3,1,KMT
2006,桃園市,5,3,KMT
2006,澎湖縣,15,13,KMT
2006,臺中市,7,9,KMT
2006,臺北市,1,6,KMT
2006,臺南市,11,5,DPP
2006,臺東縣,19,19,KMT
2006,花蓮縣,9,20,KMT
2006,苗栗縣,12,2,KMT
2006,雲林縣,17,11,DPP
2006,高雄市,6,18,DPP
2007,南投縣,20,16,KMT
2007,嘉義市,10,7,KMT
2007,嘉義縣,14,12,DPP
2007,基隆市,8,14,KMT
2007,宜蘭縣,13,15,DPP
2007,屏東縣,16,17,DPP
2007,彰化縣,18,8,KMT
2007,新北市,4,11,KMT
2007,新竹市,2,4,KMT
2007,新竹縣,3,1,KMT
2007,桃園市,5,3,KMT
2007,澎湖縣,15,13,KMT
2007,臺中市,7,9,KMT
2007,臺北市,1,6,KMT
2007,臺南市,11,5,DPP
2007,臺東縣,19,19,KMT
2007,花蓮縣,9,20,KMT
2007,苗栗縣,12,2,KMT
2007,雲林縣,17,10,DPP
2007,高雄市,6,18,DPP
2008,南投縣,20,16,KMT
2008,嘉義市,10,6,KMT
2008,嘉義縣,14,12,DPP
2008,基隆市,8,14,KMT
2008,宜蘭縣,13,15,DPP
2008,屏東縣,16,17,DPP
2008,彰化縣,18,7,KMT
2008,新北市,4,11,KMT
2008,新竹市,2,4,KMT
2008,新竹縣,3,1,KMT
2008,桃園市,5,3,KMT
2008,澎湖縣,15,13,KMT
2008,臺中市,6,10,KMT
2008,臺北市,1,9,KMT
2008,臺南市,11,5,DPP
2008,臺東縣,19,19,KMT
2008,花蓮縣,9,20,KMT
2008,苗栗縣,12,2,KMT
2008,雲林縣,17,8,DPP
2008,高雄市,7,18,DPP
2009,南投縣,20,16,KMT
2009,嘉義市,10,5,KMT
2009,嘉義縣,14,12,DPP
2009,基隆市,8,14,KMT
2009,宜蘭縣,13,15,DPP
2009,屏東縣,16,17,DPP
2009,彰化縣,18,6,KMT
2009,新北市,4,11,KMT
2009,新竹市,2,4,KMT
2009,新竹縣,3,1,KMT
2009,桃園市,5,3,KMT
2009,澎湖縣,15,13,KMT
2009,臺中市,6,9,KMT
2009,臺北市,1,10,KMT
2009,臺南市,11,8,DPP
2009,臺東縣,19,19,KMT
2009,花蓮縣,9,20,KMT
2009,苗栗縣,12,2,KMT
2009,雲林縣,17,7,DPP
2009,高雄市,7,18,DPP
2010,南投縣,20,16,KMT
2010,嘉義市,10,5,KMT
2010,嘉義縣,15,10,DPP
2010,基隆市,8,14,KMT
2010,宜蘭縣,13,15,DPP
2010,屏東縣,16,17,DPP
2010,彰化縣,18,7,KMT
2010,新北市,4,13,KMT
2010,新竹市,2,6,KMT
2010,新竹縣,3,1,KMT
2010,桃園市,5,3,KMT
2010,澎湖縣,14,12,KMT
2010,臺中市,6,9,KMT
2010,臺北市,1,11,KMT
2010,臺南市,11,8,DPP
2010,臺東縣,19,18,KMT
2010,花蓮縣,9,19,KMT
2010,苗栗縣,12,2,KMT
2010,雲林縣,17,4,DPP
2010,高雄市,7,20,DPP
2011,南投縣,20,17,KMT
2011,嘉義市,10,5,KMT
2011,嘉義縣,12,12,DPP
2011,基隆市,8,15,KMT
2011,宜蘭縣,16,14,DPP
2011,屏東縣,13,16,DPP
2011,彰化縣,19,6,KMT
2011,新北市,4,11,KMT
2011,新竹市,2,4,KMT
2011,新竹縣,3,1,KMT
2011,桃園市,5,3,KMT
2011,澎湖縣,14,13,KMT
2011,臺中市,9,8,KMT
2011,臺北市,1,10,KMT
2011,臺南市,11,9,DPP
2011,臺東縣,18,20,KMT
2011,花蓮縣,7,19,KMT
2011,苗栗縣,15,2,KMT
2011,雲林縣,17,7,DPP
2011,高雄市,6,18,DPP
2012,南投縣,20,17,KMT
2012,嘉義市,11,5,KMT
2012,嘉義縣,12,12,DPP
2012,基隆市,9,15,KMT
2012,宜蘭縣,16,14,DPP
2012,屏東縣,13,16,DPP
2012,彰化縣,19,6,KMT
2012,新北市,4,11,KMT
2012,新竹市,2,4,KMT
2012,新竹縣,3,1,KMT
2012,桃園市,5,3,KMT
2012,澎湖縣,15,13,KMT
2012,臺中市,7,7,KMT
2012,臺北市,1,10,KMT
2012,臺南市,10,9,DPP
2012,臺東縣,18,20,KMT
2012,花蓮縣,8,19,KMT
2012,苗栗縣,14,2,KMT
2012,雲林縣,17,8,DPP
2012,高雄市,6,18,DPP
2013,南投縣,20,18,KMT
2013,嘉義市,11,6,KMT
2013,嘉義縣,13,12,DPP
2013,基隆市,8,15,KMT
2013,宜蘭縣,16,14,DPP
2013,屏東縣,14,16,DPP
2013,彰化縣,18,7,KMT
2013,新北市,4,11,KMT
2013,新竹市,2,4,KMT
2013,新竹縣,3,1,KMT
2013,桃園市,5,3,KMT
2013,澎湖縣,15,13,KMT
2013,臺中市,6,5,KMT
2013,臺北市,1,8,KMT
2013,臺南市,10,9,DPP
2013,臺東縣,19,20,KMT
2013,花蓮縣,9,19,KMT
2013,苗栗縣,12,2,KMT
2013,雲林縣,17,10,DPP
2013,高雄市,7,17,DPP
2014,南投縣,20,18,KMT
2014,嘉義市,11,7,KMT
2014,嘉義縣,14,12,DPP
2014,基隆市,8,16,KMT
2014,宜蘭縣,13,14,DPP
2014,屏東縣,15,17,DPP
2014,彰化縣,18,8,KMT
2014,新北市,4,10,KMT
2014,新竹市,2,4,KMT
2014,新竹縣,3,1,KMT
2014,桃園市,5,3,KMT
2014,澎湖縣,16,13,KMT
2014,臺中市,6,5,KMT
2014,臺北市,1,6,KMT
2014,臺南市,10,9,DPP
2014,臺東縣,19,20,KMT
2014,花蓮縣,9,19,KMT
2014,苗栗縣,12,2,KMT
2014,雲林縣,17,11,DPP
2014,高雄市,7,15,DPP
2015,南投縣,20,19,KMT
2015,嘉義市,11,10,KMT
2015,嘉義縣,14,11,DPP
2015,基隆市,8,17,KMT
2015,宜蘭縣,13,12,DPP
2015,屏東縣,15,16,DPP
2015,彰化縣,18,7,KMT
2015,新北市,4,9,KMT
2015,新竹市,2,6,KMT
2015,新竹縣,3,1,KMT
2015,桃園市,5,2,KMT
2015,澎湖縣,16,15,KMT
2015,臺中市,6,5,KMT
2015,臺北市,1,4,KMT
2015,臺南市,10,8,DPP
2015,臺東縣,19,20,KMT
2015,花蓮縣,9,18,KMT
2015,苗栗縣,12,3,KMT
2015,雲林縣,17,14,DPP
2015,高雄市,7,13,DPP
2016,南投縣,20,19,KMT
2016,嘉義市,11,8,KMT
2016,嘉義縣,14,12,DPP
2016,基隆市,8,16,KMT
2016,宜蘭縣,13,13,DPP
2016,屏東縣,15,17,DPP
2016,彰化縣,18,9,KMT
2016,新北市,4,10,KMT
2016,新竹市,2,5,KMT
2016,新竹縣,3,1,KMT
2016,桃園市,5,3,KMT
2016,澎湖縣,16,14,KMT
2016,臺中市,6,4,KMT
2016,臺北市,1,6,KMT
2016,臺南市,10,7,DPP
2016,臺東縣,19,20,KMT
2016,花蓮縣,9,18,KMT
2016,苗栗縣,12,2,KMT
2016,雲林縣,17,11,DPP
2016,高雄市,7,15,DPP
2017,南投縣,20,19,KMT
2017,嘉義市,11,8,KMT
2017,嘉義縣,14,12,DPP
2017,基隆市,8,16,KMT
2017,宜蘭縣,13,13,DPP
2017,屏東縣,15,17,DPP
2017,彰化縣,18,9,KMT
2017,新北市,4,10,KMT
2017,新竹市,2,5,KMT
2017,新竹縣,3,1,KMT
2017,桃園市,5,3,KMT
2017,澎湖縣,16,14,KMT
2017,臺中市,6,4,KMT
2017,臺北市,1,6,KMT
2017,臺南市,9,7,DPP
2017,臺東縣,19,20,KMT
2017,花蓮縣,10,18,KMT
2017,苗栗縣,12,2,KMT
2017,雲林縣,17,11,DPP
2017,高雄市,7,15,DPP
2018,南投縣,20,19,KMT
2018,嘉義市,11,7,KMT
2018,嘉義縣,14,12,DPP
2018,基隆市,8,16,KMT
2018,宜蘭縣,12,13,DPP
2018,屏東縣,15,17,DPP
2018,彰化縣,17,8,KMT
2018,新北市,4,10,KMT
2018,新竹市,2,5,KMT
2018,新竹縣,3,1,KMT
2018,桃園市,5,3,KMT
2018,澎湖縣,16,14,KMT
2018,臺中市,6,4,KMT
2018,臺北市,1,9,KMT
2018,臺南市,9,6,DPP
2018,臺東縣,19,20,KMT
2018,花蓮縣,10,18,KMT
2018,苗栗縣,13,2,KMT
2018,雲林縣,18,11,DPP
2018,高雄市,7,15,DPP
2019,南投縣,20,19,KMT
2019,嘉義市,10,7,KMT
2019,嘉義縣,14,12,DPP
2019,基隆市,8,16,KMT
2019,宜蘭縣,12,13,DPP
2019,屏東縣,15,17,DPP
2019,彰化縣,17,8,KMT
2019,新北市,4,10,KMT
2019,新竹市,2,5,KMT
2019,新竹縣,3,1,KMT
2019,桃園市,5,3,KMT
2019,澎湖縣,16,14,KMT
2019,臺中市,6,4,KMT
2019,臺北市,1,9,KMT
2019,臺南市,9,6,DPP
2019,臺東縣,19,20,KMT
2019,花蓮縣,11,18,KMT
2019,苗栗縣,13,2,KMT
2019,雲林縣,18,11,DPP
2019,高雄市,7,15,DPP
2020,南投縣,20,19,KMT
2020,嘉義市,10,6,KMT
2020,嘉義縣,15,10,DPP
2020,基隆市,8,15,KMT
2020,宜蘭縣,12,14,DPP
2020,屏東縣,14,17,DPP
2020,彰化縣,17,8,KMT
2020,新北市,4,13,KMT
2020,新竹市,2,7,KMT
2020,新竹縣,3,1,KMT
2020,桃園市,5,3,KMT
2020,澎湖縣,16,12,KMT
2020,臺中市,6,5,KMT
2020,臺北市,1,11,KMT
2020,臺南市,9,4,DPP
2020,臺東縣,19,20,KMT
2020,花蓮縣,11,18,KMT
2020,苗栗縣,13,2,KMT
2020,雲林縣,18,9,DPP
2020,高雄市,7,16,DPP
2021,南投縣,20,19,KMT
2021,嘉義市,10,4,KMT
2021,嘉義縣,15,10,DPP
2021,基隆市,8,15,KMT
2021,宜蘭縣,12,12,DPP
2021,屏東縣,14,16,DPP
2021,彰化縣,17,5,KMT
2021,新北市,4,13,KMT
2021,新竹市,2,8,KMT
2021,新竹縣,3,1,KMT
2021,桃園市,5,6,KMT
2021,澎湖縣,16,11,KMT
2021,臺中市,6,7,KMT
2021,臺北市,1,14,KMT
2021,臺南市,9,3,DPP
2021,臺東縣,19,20,KMT
2021,花蓮縣,11,18,KMT
2021,苗栗縣,13,2,KMT
2021,雲林縣,18,9,DPP
2021,高雄市,7,17,DPP
2022,南投縣,20,19,KMT
2022,嘉義市,10,4,KMT
2022,嘉義縣,15,10,DPP
2022,基隆市,9,15,KMT
2022,宜蘭縣,12,12,DPP
2022,屏東縣,14,16,DPP
2022,彰化縣,16,5,KMT
2022,新北市,4,13,KMT
2022,新竹市,2,8,KMT
2022,新竹縣,3,1,KMT
2022,桃園市,5,6,KMT
2022,澎湖縣,17,11,KMT
2022,臺中市,6,7,KMT
2022,臺北市,1,14,KMT
2022,臺南市,8,3,DPP
2022,臺東縣,19,20,KMT
2022,花蓮縣,11,18,KMT
2022,苗栗縣,13,2,KMT
2022,雲林縣,18,9,DPP
2022,高雄市,7,17,DPP
2023,南投縣,20,19,KMT
2023,嘉義市,10,4,KMT
2023,嘉義縣,15,10,DPP
2023,基隆市,9,14,KMT
2023,宜蘭縣,12,12,DPP
2023,屏東縣,14,15,DPP
2023,彰化縣,16,5,KMT
2023,新北市,4,13,KMT
2023,新竹市,2,8,KMT
2023,新竹縣,3,1,KMT
2023,桃園市,5,6,KMT
2023,澎湖縣,17,11,KMT
2023,臺中市,6,7,KMT
2023,臺北市,1,16,KMT
2023,臺南市,8,3,DPP
2023,臺東縣,19,20,KMT
2023,花蓮縣,11,18,KMT
2023,苗栗縣,13,2,KMT
2023,雲林縣,18,9,DPP
2023,高雄市,7,17,DPP
2024,南投縣,20,19,KMT
2024,嘉義市,10,4,KMT
2024,嘉義縣,16,10,DPP
2024,基隆市,9,14,KMT
2024,宜蘭縣,12,12,DPP
2024,屏東縣,14,15,DPP
2024,彰化縣,15,5,KMT
2024,新北市,4,13,KMT
2024,新竹市,2,8,KMT
2024,新竹縣,3,1,KMT
2024,桃園市,5,6,KMT
2024,澎湖縣,17,11,KMT
2024,臺中市,6,7,KMT
2024,臺北市,1,16,KMT
2024,臺南市,8,3,DPP
2024,臺東縣,19,20,KMT
2024,花蓮縣,11,18,KMT
2024,苗栗縣,13,2,KMT
2024,雲林縣,18,9,DPP
2024,高雄市,7,17,DPP
