相對年度,平均所得相對成長率百分點,事件數,縣市,輪替年度,由,轉為,所得相對成長率百分點
-5,0.03232194285707781,23,嘉義市,2015,KMT,DPP,1.509614497005174
-5,0.03232194285707781,23,嘉義市,2019,DPP,KMT,-8.389856103040927
-5,0.03232194285707781,23,基隆市,2015,KMT,DPP,-0.5118942774469559
-5,0.03232194285707781,23,基隆市,2023,DPP,KMT,-4.744305883598088
-5,0.03232194285707781,23,宜蘭縣,2006,DPP,KMT,-7.765079194578206
-5,0.03232194285707781,23,宜蘭縣,2010,KMT,DPP,11.647866340611657
-5,0.03232194285707781,23,宜蘭縣,2019,DPP,KMT,8.805759020452442
-5,0.03232194285707781,23,彰化縣,2006,DPP,KMT,-4.39418661227684
-5,0.03232194285707781,23,彰化縣,2015,KMT,DPP,-1.4901416753156482
-5,0.03232194285707781,23,彰化縣,2019,DPP,KMT,-2.340583958105924
-5,0.03232194285707781,23,新北市,2006,DPP,KMT,4.113967015110198
-5,0.03232194285707781,23,新竹市,2015,KMT,DPP,4.183214052355133
-5,0.03232194285707781,23,桃園市,2015,KMT,DPP,-2.9379637169492767
-5,0.03232194285707781,23,桃園市,2023,DPP,KMT,0.4823531737629949
-5,0.03232194285707781,23,澎湖縣,2006,KMT,DPP,-13.18529473845107
-5,0.03232194285707781,23,澎湖縣,2019,DPP,KMT,-1.357567581825414
-5,0.03232194285707781,23,澎湖縣,2023,KMT,DPP,7.327588944726315
-5,0.03232194285707781,23,臺中市,2015,KMT,DPP,0.9231833284935931
-5,0.03232194285707781,23,臺中市,2019,DPP,KMT,1.287683356638425
-5,0.03232194285707781,23,雲林縣,2006,KMT,DPP,7.907584641756316
-5,0.03232194285707781,23,雲林縣,2019,DPP,KMT,2.0450081310661616
-5,0.03232194285707781,23,高雄市,2019,DPP,KMT,-1.2796390319874007
-5,0.03232194285707781,23,高雄市,2021,KMT,DPP,-1.0939050426898689
-4,-0.018855188936414087,23,嘉義市,2015,KMT,DPP,7.459355359356579
-4,-0.018855188936414087,23,嘉義市,2019,DPP,KMT,-5.1648494480502904
-4,-0.018855188936414087,23,嘉義縣,2002,KMT,DPP,
-4,-0.018855188936414087,23,基隆市,2015,KMT,DPP,-3.804913785714703
-4,-0.018855188936414087,23,基隆市,2023,DPP,KMT,4.274826807049514
-4,-0.018855188936414087,23,宜蘭縣,2006,DPP,KMT,-5.098895859695318
-4,-0.018855188936414087,23,宜蘭縣,2010,KMT,DPP,-8.920080645257578
-4,-0.018855188936414087,23,宜蘭縣,2019,DPP,KMT,5.441564754928052
-4,-0.018855188936414087,23,彰化縣,2002,KMT,DPP,
-4,-0.018855188936414087,23,彰化縣,2006,DPP,KMT,11.481265523388906
-4,-0.018855188936414087,23,彰化縣,2015,KMT,DPP,2.027277993270893
-4,-0.018855188936414087,23,彰化縣,2019,DPP,KMT,-1.863085096919903
-4,-0.018855188936414087,23,新北市,2006,DPP,KMT,-0.41131829130964803
-4,-0.018855188936414087,23,新竹市,2002,DPP,KMT,
-4,-0.018855188936414087,23,新竹市,2015,KMT,DPP,-4.8027317809424375
-4,-0.018855188936414087,23,桃園市,2002,DPP,KMT,
-4,-0.018855188936414087,23,桃園市,2015,KMT,DPP,2.880616925777879
-4,-0.018855188936414087,23,桃園市,2023,DPP,KMT,-0.7103183492024101
-4,-0.018855188936414087,23,澎湖縣,2006,KMT,DPP,0.8473223846864997
-4,-0.018855188936414087,23,澎湖縣,2019,DPP,KMT,-14.444923299339507
-4,-0.018855188936414087,23,澎湖縣,2023,KMT,DPP,6.840853354670706
-4,-0.018855188936414087,23,臺中市,2002,DPP,KMT,
-4,-0.018855188936414087,23,臺中市,2015,KMT,DPP,8.457369598099085
-4,-0.018855188936414087,23,臺中市,2019,DPP,KMT,0.6745852213025927
-4,-0.018855188936414087,23,雲林縣,2006,KMT,DPP,-7.069577803855509
-4,-0.018855188936414087,23,雲林縣,2019,DPP,KMT,-0.46861567733245124
-4,-0.018855188936414087,23,高雄市,2019,DPP,KMT,2.3012945421472253
-4,-0.018855188936414087,23,高雄市,2021,KMT,DPP,-0.3606917725957004
-3,0.8786960190545859,28,嘉義市,2015,KMT,DPP,15.287442461183431
-3,0.8786960190545859,28,嘉義市,2019,DPP,KMT,1.8694742814410859
-3,0.8786960190545859,28,嘉義縣,2002,KMT,DPP,6.065903695217223
-3,0.8786960190545859,28,基隆市,2015,KMT,DPP,-8.965037738038184
-3,0.8786960190545859,28,基隆市,2023,DPP,KMT,-3.0019291928951475
-3,0.8786960190545859,28,宜蘭縣,2006,DPP,KMT,10.693570735019797
-3,0.8786960190545859,28,宜蘭縣,2010,KMT,DPP,-3.411524941897781
-3,0.8786960190545859,28,宜蘭縣,2019,DPP,KMT,-8.695095260058139
-3,0.8786960190545859,28,彰化縣,2002,KMT,DPP,-8.07832199076124
-3,0.8786960190545859,28,彰化縣,2006,DPP,KMT,1.421749226343394
-3,0.8786960190545859,28,彰化縣,2015,KMT,DPP,0.8909957013177205
-3,0.8786960190545859,28,彰化縣,2019,DPP,KMT,4.88509743126766
-3,0.8786960190545859,28,新北市,2006,DPP,KMT,-0.07837745636827265
-3,0.8786960190545859,28,新竹市,2002,DPP,KMT,3.3687876473857514
-3,0.8786960190545859,28,新竹市,2015,KMT,DPP,-3.461014743739277
-3,0.8786960190545859,28,桃園市,2002,DPP,KMT,-2.428414953131508
-3,0.8786960190545859,28,桃園市,2015,KMT,DPP,2.8732616089644836
-3,0.8786960190545859,28,桃園市,2023,DPP,KMT,1.1734209428251319
-3,0.8786960190545859,28,澎湖縣,2006,KMT,DPP,-3.6013965761645395
-3,0.8786960190545859,28,澎湖縣,2019,DPP,KMT,25.757629648644098
-3,0.8786960190545859,28,澎湖縣,2023,KMT,DPP,3.9308051047845183
-3,0.8786960190545859,28,臺中市,2002,DPP,KMT,1.987221806035322
-3,0.8786960190545859,28,臺中市,2015,KMT,DPP,-4.884085841159269
-3,0.8786960190545859,28,臺中市,2019,DPP,KMT,-5.082361069489139
-3,0.8786960190545859,28,雲林縣,2006,KMT,DPP,-2.769459762262194
-3,0.8786960190545859,28,雲林縣,2019,DPP,KMT,-0.13746507010061748
-3,0.8786960190545859,28,高雄市,2019,DPP,KMT,-1.0939050426898689
-3,0.8786960190545859,28,高雄市,2021,KMT,DPP,0.0865178818539647
-2,-0.30145552533768416,28,嘉義市,2015,KMT,DPP,9.965112824994726
-2,-0.30145552533768416,28,嘉義市,2019,DPP,KMT,-7.545474152900056
-2,-0.30145552533768416,28,嘉義縣,2002,KMT,DPP,14.144417095044481
-2,-0.30145552533768416,28,基隆市,2015,KMT,DPP,4.809846242008575
-2,-0.30145552533768416,28,基隆市,2023,DPP,KMT,-2.296483124253079
-2,-0.30145552533768416,28,宜蘭縣,2006,DPP,KMT,-7.690957538736498
-2,-0.30145552533768416,28,宜蘭縣,2010,KMT,DPP,13.265554631549392
-2,-0.30145552533768416,28,宜蘭縣,2019,DPP,KMT,-3.1931561313895074
-2,-0.30145552533768416,28,彰化縣,2002,KMT,DPP,0.0755212685556117
-2,-0.30145552533768416,28,彰化縣,2006,DPP,KMT,-2.6592036939158348
-2,-0.30145552533768416,28,彰化縣,2015,KMT,DPP,-2.3276351436091858
-2,-0.30145552533768416,28,彰化縣,2019,DPP,KMT,-5.200723330036183
-2,-0.30145552533768416,28,新北市,2006,DPP,KMT,0.3323862282281098
-2,-0.30145552533768416,28,新竹市,2002,DPP,KMT,8.101828667876632
-2,-0.30145552533768416,28,新竹市,2015,KMT,DPP,5.787958378793867
-2,-0.30145552533768416,28,桃園市,2002,DPP,KMT,3.9941114407426426
-2,-0.30145552533768416,28,桃園市,2015,KMT,DPP,0.029782374597076
-2,-0.30145552533768416,28,桃園市,2023,DPP,KMT,-0.32397458206006036
-2,-0.30145552533768416,28,澎湖縣,2006,KMT,DPP,19.243555449444116
-2,-0.30145552533768416,28,澎湖縣,2019,DPP,KMT,-23.92373623836246
-2,-0.30145552533768416,28,澎湖縣,2023,KMT,DPP,-31.64630333068832
-2,-0.30145552533768416,28,臺中市,2002,DPP,KMT,-8.19207414092844
-2,-0.30145552533768416,28,臺中市,2015,KMT,DPP,2.6591288784548084
-2,-0.30145552533768416,28,臺中市,2019,DPP,KMT,5.925190900885191
-2,-0.30145552533768416,28,雲林縣,2006,KMT,DPP,3.3042292644838156
-2,-0.30145552533768416,28,雲林縣,2019,DPP,KMT,-3.6421665803370473
-2,-0.30145552533768416,28,高雄市,2019,DPP,KMT,-0.3606917725957004
-2,-0.30145552533768416,28,高雄市,2021,KMT,DPP,-1.076798595301831
-1,-1.1006107774950622,28,嘉義市,2015,KMT,DPP,-8.389856103040927
-1,-1.1006107774950622,28,嘉義市,2019,DPP,KMT,3.82798953907848
-1,-1.1006107774950622,28,嘉義縣,2002,KMT,DPP,-6.88084530775992
-1,-1.1006107774950622,28,基隆市,2015,KMT,DPP,-6.139203104868862
-1,-1.1006107774950622,28,基隆市,2023,DPP,KMT,-3.412475508838675
-1,-1.1006107774950622,28,宜蘭縣,2006,DPP,KMT,11.647866340611657
-1,-1.1006107774950622,28,宜蘭縣,2010,KMT,DPP,-9.876380110272542
-1,-1.1006107774950622,28,宜蘭縣,2019,DPP,KMT,-1.11617295600972
-1,-1.1006107774950622,28,彰化縣,2002,KMT,DPP,-4.39418661227684
-1,-1.1006107774950622,28,彰化縣,2006,DPP,KMT,-5.200037503692911
-1,-1.1006107774950622,28,彰化縣,2015,KMT,DPP,-2.340583958105924
-1,-1.1006107774950622,28,彰化縣,2019,DPP,KMT,1.4757185979458853
-1,-1.1006107774950622,28,新北市,2006,DPP,KMT,1.3721243499766445
-1,-1.1006107774950622,28,新竹市,2002,DPP,KMT,2.8167475230315375
-1,-1.1006107774950622,28,新竹市,2015,KMT,DPP,0.18203842771260526
-1,-1.1006107774950622,28,桃園市,2002,DPP,KMT,-3.9216435061842247
-1,-1.1006107774950622,28,桃園市,2015,KMT,DPP,4.243574197778877
-1,-1.1006107774950622,28,桃園市,2023,DPP,KMT,-1.2721922593858181
-1,-1.1006107774950622,28,澎湖縣,2006,KMT,DPP,-14.060768138055124
-1,-1.1006107774950622,28,澎湖縣,2019,DPP,KMT,7.327588944726315
-1,-1.1006107774950622,28,澎湖縣,2023,KMT,DPP,10.903011932308715
-1,-1.1006107774950622,28,臺中市,2002,DPP,KMT,3.8922175992365027
-1,-1.1006107774950622,28,臺中市,2015,KMT,DPP,1.287683356638425
-1,-1.1006107774950622,28,臺中市,2019,DPP,KMT,1.3925156917265369
-1,-1.1006107774950622,28,雲林縣,2006,KMT,DPP,-8.527929081774843
-1,-1.1006107774950622,28,雲林縣,2019,DPP,KMT,-4.166422526533076
-1,-1.1006107774950622,28,高雄市,2019,DPP,KMT,0.0865178818539647
-1,-1.1006107774950622,28,高雄市,2021,KMT,DPP,-1.5739994756884812
0,1.4629273438508632,28,嘉義市,2015,KMT,DPP,-5.1648494480502904
0,1.4629273438508632,28,嘉義市,2019,DPP,KMT,2.978995541981533
0,1.4629273438508632,28,嘉義縣,2002,KMT,DPP,-8.599627985744007
0,1.4629273438508632,28,基隆市,2015,KMT,DPP,10.060697185230794
0,1.4629273438508632,28,基隆市,2023,DPP,KMT,1.3898431260971122
0,1.4629273438508632,28,宜蘭縣,2006,DPP,KMT,-8.920080645257578
0,1.4629273438508632,28,宜蘭縣,2010,KMT,DPP,7.0667858157227315
0,1.4629273438508632,28,宜蘭縣,2019,DPP,KMT,-0.5886942959055119
0,1.4629273438508632,28,彰化縣,2002,KMT,DPP,11.481265523388906
0,1.4629273438508632,28,彰化縣,2006,DPP,KMT,4.271988128529358
0,1.4629273438508632,28,彰化縣,2015,KMT,DPP,-1.863085096919903
0,1.4629273438508632,28,彰化縣,2019,DPP,KMT,0.1881356742854834
0,1.4629273438508632,28,新北市,2006,DPP,KMT,-2.4866976368333127
0,1.4629273438508632,28,新竹市,2002,DPP,KMT,-7.823545441116764
0,1.4629273438508632,28,新竹市,2015,KMT,DPP,-10.01388630736244
0,1.4629273438508632,28,桃園市,2002,DPP,KMT,5.124366365715716
0,1.4629273438508632,28,桃園市,2015,KMT,DPP,-2.2302052343151857
0,1.4629273438508632,28,桃園市,2023,DPP,KMT,-0.16212015377323752
0,1.4629273438508632,28,澎湖縣,2006,KMT,DPP,9.578233809469161
0,1.4629273438508632,28,澎湖縣,2019,DPP,KMT,6.840853354670706
0,1.4629273438508632,28,澎湖縣,2023,KMT,DPP,13.553966901624648
0,1.4629273438508632,28,臺中市,2002,DPP,KMT,-3.503302549620635
0,1.4629273438508632,28,臺中市,2015,KMT,DPP,0.6745852213025927
0,1.4629273438508632,28,臺中市,2019,DPP,KMT,-0.645640846951423
0,1.4629273438508632,28,雲林縣,2006,KMT,DPP,14.327419745130143
0,1.4629273438508632,28,雲林縣,2019,DPP,KMT,7.060435275405474
0,1.4629273438508632,28,高雄市,2019,DPP,KMT,-1.076798595301831
0,1.4629273438508632,28,高雄市,2021,KMT,DPP,-0.5570718035780686
1,-2.306381243149293,28,嘉義市,2015,KMT,DPP,1.8694742814410859
1,-2.306381243149293,28,嘉義市,2019,DPP,KMT,0.6689265212036943
1,-2.306381243149293,28,嘉義縣,2002,KMT,DPP,0.1463407848238063
1,-2.306381243149293,28,基隆市,2015,KMT,DPP,-2.2292561403540745
1,-2.306381243149293,28,基隆市,2023,DPP,KMT,-6.201582365565805
1,-2.306381243149293,28,宜蘭縣,2006,DPP,KMT,-3.411524941897781
1,-2.306381243149293,28,宜蘭縣,2010,KMT,DPP,-12.723997125968722
1,-2.306381243149293,28,宜蘭縣,2019,DPP,KMT,2.1767861481784223
1,-2.306381243149293,28,彰化縣,2002,KMT,DPP,1.421749226343394
1,-2.306381243149293,28,彰化縣,2006,DPP,KMT,-6.075914074101441
1,-2.306381243149293,28,彰化縣,2015,KMT,DPP,4.88509743126766
1,-2.306381243149293,28,彰化縣,2019,DPP,KMT,-3.950748183812891
1,-2.306381243149293,28,新北市,2006,DPP,KMT,-3.0362587117297224
1,-2.306381243149293,28,新竹市,2002,DPP,KMT,4.174150034184976
1,-2.306381243149293,28,新竹市,2015,KMT,DPP,5.871827674752694
1,-2.306381243149293,28,桃園市,2002,DPP,KMT,-2.7399702327121744
1,-2.306381243149293,28,桃園市,2015,KMT,DPP,-1.6547764311177104
1,-2.306381243149293,28,桃園市,2023,DPP,KMT,-1.08032471602435
1,-2.306381243149293,28,澎湖縣,2006,KMT,DPP,-10.276986432428714
1,-2.306381243149293,28,澎湖縣,2019,DPP,KMT,3.9308051047845183
1,-2.306381243149293,28,澎湖縣,2023,KMT,DPP,-15.240470875600565
1,-2.306381243149293,28,臺中市,2002,DPP,KMT,0.8443794895599765
1,-2.306381243149293,28,臺中市,2015,KMT,DPP,-5.082361069489139
1,-2.306381243149293,28,臺中市,2019,DPP,KMT,-1.8563614672251205
1,-2.306381243149293,28,雲林縣,2006,KMT,DPP,-15.25951584939147
1,-2.306381243149293,28,雲林縣,2019,DPP,KMT,2.1995507865735675
1,-2.306381243149293,28,高雄市,2019,DPP,KMT,-1.5739994756884812
1,-2.306381243149293,28,高雄市,2021,KMT,DPP,-0.3737141981858372
2,1.1946978749603545,25,嘉義市,2015,KMT,DPP,-7.545474152900056
2,1.1946978749603545,25,嘉義市,2019,DPP,KMT,-3.908161892528206
2,1.1946978749603545,25,嘉義縣,2002,KMT,DPP,6.08382333428743
2,1.1946978749603545,25,基隆市,2015,KMT,DPP,-0.1476893180278438
2,1.1946978749603545,25,宜蘭縣,2006,DPP,KMT,13.265554631549392
2,1.1946978749603545,25,宜蘭縣,2010,KMT,DPP,19.604260158394204
2,1.1946978749603545,25,宜蘭縣,2019,DPP,KMT,-2.002451456844234
2,1.1946978749603545,25,彰化縣,2002,KMT,DPP,-2.6592036939158348
2,1.1946978749603545,25,彰化縣,2006,DPP,KMT,-0.9507580502049251
2,1.1946978749603545,25,彰化縣,2015,KMT,DPP,-5.200723330036183
2,1.1946978749603545,25,彰化縣,2019,DPP,KMT,5.992900629241049
2,1.1946978749603545,25,新北市,2006,DPP,KMT,7.380639441008263
2,1.1946978749603545,25,新竹市,2002,DPP,KMT,11.047374617761463
2,1.1946978749603545,25,新竹市,2015,KMT,DPP,0.8327967673176673
2,1.1946978749603545,25,桃園市,2002,DPP,KMT,2.6216390250279886
2,1.1946978749603545,25,桃園市,2015,KMT,DPP,-0.8672859862388194
2,1.1946978749603545,25,澎湖縣,2006,KMT,DPP,13.906685563753918
2,1.1946978749603545,25,澎湖縣,2019,DPP,KMT,-31.64630333068832
2,1.1946978749603545,25,臺中市,2002,DPP,KMT,-5.374279460894549
2,1.1946978749603545,25,臺中市,2015,KMT,DPP,5.925190900885191
2,1.1946978749603545,25,臺中市,2019,DPP,KMT,-0.7962692263406623
2,1.1946978749603545,25,雲林縣,2006,KMT,DPP,-1.9099040748878693
2,1.1946978749603545,25,雲林縣,2019,DPP,KMT,4.042682088168448
2,1.1946978749603545,25,高雄市,2019,DPP,KMT,-0.5570718035780686
2,1.1946978749603545,25,高雄市,2021,KMT,DPP,2.729475493699418
3,-1.4382045553453935,25,嘉義市,2015,KMT,DPP,3.82798953907848
3,-1.4382045553453935,25,嘉義市,2019,DPP,KMT,4.292698386271354
3,-1.4382045553453935,25,嘉義縣,2002,KMT,DPP,2.2208888691137574
3,-1.4382045553453935,25,基隆市,2015,KMT,DPP,-4.744305883598088
3,-1.4382045553453935,25,宜蘭縣,2006,DPP,KMT,-9.876380110272542
3,-1.4382045553453935,25,宜蘭縣,2010,KMT,DPP,-11.243833467665887
3,-1.4382045553453935,25,宜蘭縣,2019,DPP,KMT,-0.4482893512955499
3,-1.4382045553453935,25,彰化縣,2002,KMT,DPP,-5.200037503692911
3,-1.4382045553453935,25,彰化縣,2006,DPP,KMT,1.5928064582377388
3,-1.4382045553453935,25,彰化縣,2015,KMT,DPP,1.4757185979458853
3,-1.4382045553453935,25,彰化縣,2019,DPP,KMT,0.35778494508189596
3,-1.4382045553453935,25,新北市,2006,DPP,KMT,-2.3165033839433136
3,-1.4382045553453935,25,新竹市,2002,DPP,KMT,-11.195477802635345
3,-1.4382045553453935,25,新竹市,2015,KMT,DPP,-11.635368347960195
3,-1.4382045553453935,25,桃園市,2002,DPP,KMT,-1.4235166905198327
3,-1.4382045553453935,25,桃園市,2015,KMT,DPP,0.4823531737629949
3,-1.4382045553453935,25,澎湖縣,2006,KMT,DPP,-3.1951670470419913
3,-1.4382045553453935,25,澎湖縣,2019,DPP,KMT,10.903011932308715
3,-1.4382045553453935,25,臺中市,2002,DPP,KMT,0.7210472561292036
3,-1.4382045553453935,25,臺中市,2015,KMT,DPP,1.3925156917265369
3,-1.4382045553453935,25,臺中市,2019,DPP,KMT,0.008547372224931848
3,-1.4382045553453935,25,雲林縣,2006,KMT,DPP,-1.707440803703264
3,-1.4382045553453935,25,雲林縣,2019,DPP,KMT,-2.120620481172253
3,-1.4382045553453935,25,高雄市,2019,DPP,KMT,-0.3737141981858372
3,-1.4382045553453935,25,高雄市,2021,KMT,DPP,2.2501789661706795
4,2.980328493798153,24,嘉義市,2015,KMT,DPP,2.978995541981533
4,2.980328493798153,24,嘉義市,2019,DPP,KMT,2.104373630850098
4,2.980328493798153,24,嘉義縣,2002,KMT,DPP,0.5969096407742569
4,2.980328493798153,24,基隆市,2015,KMT,DPP,4.274826807049514
4,2.980328493798153,24,宜蘭縣,2006,DPP,KMT,7.0667858157227315
4,2.980328493798153,24,宜蘭縣,2010,KMT,DPP,8.805759020452442
4,2.980328493798153,24,宜蘭縣,2019,DPP,KMT,-4.70238009123829
4,2.980328493798153,24,彰化縣,2002,KMT,DPP,4.271988128529358
4,2.980328493798153,24,彰化縣,2006,DPP,KMT,-1.4901416753156482
4,2.980328493798153,24,彰化縣,2015,KMT,DPP,0.1881356742854834
4,2.980328493798153,24,彰化縣,2019,DPP,KMT,1.9904761914155245
4,2.980328493798153,24,新北市,2006,DPP,KMT,-3.3712680008388674
4,2.980328493798153,24,新竹市,2002,DPP,KMT,4.9203765152595835
4,2.980328493798153,24,新竹市,2015,KMT,DPP,7.263035144100449
4,2.980328493798153,24,桃園市,2002,DPP,KMT,-2.482497688296803
4,2.980328493798153,24,桃園市,2015,KMT,DPP,-0.7103183492024101
4,2.980328493798153,24,澎湖縣,2006,KMT,DPP,18.0745608358313
4,2.980328493798153,24,澎湖縣,2019,DPP,KMT,13.553966901624648
4,2.980328493798153,24,臺中市,2002,DPP,KMT,4.070124526387886
4,2.980328493798153,24,臺中市,2015,KMT,DPP,-0.645640846951423
4,2.980328493798153,24,臺中市,2019,DPP,KMT,-1.2373047756117472
4,2.980328493798153,24,雲林縣,2006,KMT,DPP,0.04264491661007952
4,2.980328493798153,24,雲林縣,2019,DPP,KMT,3.235000494036555
4,2.980328493798153,24,高雄市,2019,DPP,KMT,2.729475493699418
5,-1.9577401774021712,24,嘉義市,2015,KMT,DPP,0.6689265212036943
5,-1.9577401774021712,24,嘉義市,2019,DPP,KMT,4.7541431030794
5,-1.9577401774021712,24,嘉義縣,2002,KMT,DPP,-9.920998139962656
5,-1.9577401774021712,24,基隆市,2015,KMT,DPP,-3.0019291928951475
5,-1.9577401774021712,24,宜蘭縣,2006,DPP,KMT,-12.723997125968722
5,-1.9577401774021712,24,宜蘭縣,2010,KMT,DPP,5.441564754928052
5,-1.9577401774021712,24,宜蘭縣,2019,DPP,KMT,-2.5546652945989123
5,-1.9577401774021712,24,彰化縣,2002,KMT,DPP,-6.075914074101441
5,-1.9577401774021712,24,彰化縣,2006,DPP,KMT,2.027277993270893
5,-1.9577401774021712,24,彰化縣,2015,KMT,DPP,-3.950748183812891
5,-1.9577401774021712,24,彰化縣,2019,DPP,KMT,-7.7402330160122546
5,-1.9577401774021712,24,新北市,2006,DPP,KMT,1.5749493239090029
5,-1.9577401774021712,24,新竹市,2002,DPP,KMT,7.504319957473449
5,-1.9577401774021712,24,新竹市,2015,KMT,DPP,-0.5572266102621626
5,-1.9577401774021712,24,桃園市,2002,DPP,KMT,1.0947354004755994
5,-1.9577401774021712,24,桃園市,2015,KMT,DPP,1.1734209428251319
5,-1.9577401774021712,24,澎湖縣,2006,KMT,DPP,-22.706643866533582
5,-1.9577401774021712,24,澎湖縣,2019,DPP,KMT,-15.240470875600565
5,-1.9577401774021712,24,臺中市,2002,DPP,KMT,4.21093513793398
5,-1.9577401774021712,24,臺中市,2015,KMT,DPP,-1.8563614672251205
5,-1.9577401774021712,24,臺中市,2019,DPP,KMT,2.3187048687654865
5,-1.9577401774021712,24,雲林縣,2006,KMT,DPP,6.854889849004664
5,-1.9577401774021712,24,雲林縣,2019,DPP,KMT,-0.5306232297186853
5,-1.9577401774021712,24,高雄市,2019,DPP,KMT,2.2501789661706795
