案例縣市,角色,縣市,年度,所得指數_1999_2002_100,地方首長黨籍,配對距離
臺南市,處理縣市,臺南市,1998,100.46117994452615,民主進步黨,0.5037049110947311
臺南市,處理縣市,臺南市,1999,99.3769397881656,民主進步黨,0.5037049110947311
臺南市,處理縣市,臺南市,2000,103.04235709545368,民主進步黨,0.5037049110947311
臺南市,處理縣市,臺南市,2001,96.84353722217105,民主進步黨,0.5037049110947311
臺南市,處理縣市,臺南市,2002,100.73716589420967,民主進步黨,0.5037049110947311
臺南市,處理縣市,臺南市,2003,106.19386022357563,民主進步黨,0.5037049110947311
臺南市,處理縣市,臺南市,2004,106.33178572019007,民主進步黨,0.5037049110947311
臺南市,處理縣市,臺南市,2005,99.47626773876074,民主進步黨,0.5037049110947311
臺南市,處理縣市,臺南市,2006,106.78483453832577,民主進步黨,0.5037049110947311
臺南市,處理縣市,臺南市,2007,110.10854210253385,民主進步黨,0.5037049110947311
臺南市,處理縣市,臺南市,2008,109.31985658177568,民主進步黨,0.5037049110947311
臺南市,處理縣市,臺南市,2009,104.02497504149069,民主進步黨,0.5037049110947311
臺南市,處理縣市,臺南市,2010,99.9630556705497,民主進步黨,0.5037049110947311
臺南市,處理縣市,臺南市,2011,105.70099925132908,民主進步黨,0.5037049110947311
臺南市,處理縣市,臺南市,2012,103.92699665544167,民主進步黨,0.5037049110947311
臺南市,處理縣市,臺南市,2013,112.07688199306392,民主進步黨,0.5037049110947311
臺南市,處理縣市,臺南市,2014,112.0080542012113,民主進步黨,0.5037049110947311
臺南市,處理縣市,臺南市,2015,113.03007943199528,民主進步黨,0.5037049110947311
臺南市,處理縣市,臺南市,2016,119.37222306007689,民主進步黨,0.5037049110947311
臺南市,處理縣市,臺南市,2017,121.80305872056559,民主進步黨,0.5037049110947311
臺南市,處理縣市,臺南市,2018,121.3139765290482,民主進步黨,0.5037049110947311
臺南市,處理縣市,臺南市,2019,122.01602000594482,民主進步黨,0.5037049110947311
臺南市,處理縣市,臺南市,2020,122.01966383021939,民主進步黨,0.5037049110947311
臺南市,處理縣市,臺南市,2021,124.81785096016455,民主進步黨,0.5037049110947311
臺南市,處理縣市,臺南市,2022,127.112785470858,民主進步黨,0.5037049110947311
臺南市,處理縣市,臺南市,2023,131.0678193297455,民主進步黨,0.5037049110947311
臺南市,處理縣市,臺南市,2024,136.27470926162286,民主進步黨,0.5037049110947311
臺南市,配對縣市,宜蘭縣,1998,102.64517963142251,民主進步黨,0.5037049110947311
臺南市,配對縣市,宜蘭縣,1999,108.30380197900469,民主進步黨,0.5037049110947311
臺南市,配對縣市,宜蘭縣,2000,105.47285320700684,民主進步黨,0.5037049110947311
臺南市,配對縣市,宜蘭縣,2001,95.09729298466029,民主進步黨,0.5037049110947311
臺南市,配對縣市,宜蘭縣,2002,91.1260518293282,民主進步黨,0.5037049110947311
臺南市,配對縣市,宜蘭縣,2003,102.07568847903809,民主進步黨,0.5037049110947311
臺南市,配對縣市,宜蘭縣,2004,95.54717396402262,民主進步黨,0.5037049110947311
臺南市,配對縣市,宜蘭縣,2005,107.750948824401,民主進步黨,0.5037049110947311
臺南市,配對縣市,宜蘭縣,2006,100.59582373154919,中國國民黨,0.5037049110947311
臺南市,配對縣市,宜蘭縣,2007,98.36986924105838,中國國民黨,0.5037049110947311
臺南市,配對縣市,宜蘭縣,2008,111.08575381265615,中國國民黨,0.5037049110947311
臺南市,配對縣市,宜蘭縣,2009,97.7660540302602,中國國民黨,0.5037049110947311
臺南市,配對縣市,宜蘭縣,2010,105.1315777407171,民主進步黨,0.5037049110947311
臺南市,配對縣市,宜蘭縣,2011,94.5103777873559,民主進步黨,0.5037049110947311
臺南市,配對縣市,宜蘭縣,2012,116.95425074641726,民主進步黨,0.5037049110947311
臺南市,配對縣市,宜蘭縣,2013,106.62401924243396,民主進步黨,0.5037049110947311
臺南市,配對縣市,宜蘭縣,2014,118.24821534547428,民主進步黨,0.5037049110947311
臺南市,配對縣市,宜蘭縣,2015,125.91099588242307,民主進步黨,0.5037049110947311
臺南市,配對縣市,宜蘭縣,2016,118.80119950793448,民主進步黨,0.5037049110947311
臺南市,配對縣市,宜蘭縣,2017,118.05995705562462,民主進步黨,0.5037049110947311
臺南市,配對縣市,宜蘭縣,2018,118.73897077607745,民主進步黨,0.5037049110947311
臺南市,配對縣市,宜蘭縣,2019,120.71050800916532,中國國民黨,0.5037049110947311
臺南市,配對縣市,宜蘭縣,2020,125.68553136131573,中國國民黨,0.5037049110947311
臺南市,配對縣市,宜蘭縣,2021,124.43820555918738,中國國民黨,0.5037049110947311
臺南市,配對縣市,宜蘭縣,2022,125.92802690377343,中國國民黨,0.5037049110947311
臺南市,配對縣市,宜蘭縣,2023,123.19310689062024,中國國民黨,0.5037049110947311
臺南市,配對縣市,宜蘭縣,2024,123.09642309249284,中國國民黨,0.5037049110947311
屏東縣,處理縣市,屏東縣,1998,100.745089950852,民主進步黨,0.37925922620989083
屏東縣,處理縣市,屏東縣,1999,97.55223499846667,民主進步黨,0.37925922620989083
屏東縣,處理縣市,屏東縣,2000,104.09100654311372,民主進步黨,0.37925922620989083
屏東縣,處理縣市,屏東縣,2001,92.23334301276329,民主進步黨,0.37925922620989083
屏東縣,處理縣市,屏東縣,2002,106.12341544565633,民主進步黨,0.37925922620989083
屏東縣,處理縣市,屏東縣,2003,102.81644272807948,民主進步黨,0.37925922620989083
屏東縣,處理縣市,屏東縣,2004,95.50191462742788,民主進步黨,0.37925922620989083
屏東縣,處理縣市,屏東縣,2005,100.56122601287998,民主進步黨,0.37925922620989083
屏東縣,處理縣市,屏東縣,2006,101.45937760360835,民主進步黨,0.37925922620989083
屏東縣,處理縣市,屏東縣,2007,108.02705174514695,民主進步黨,0.37925922620989083
屏東縣,處理縣市,屏東縣,2008,95.13581506680163,民主進步黨,0.37925922620989083
屏東縣,處理縣市,屏東縣,2009,98.70766040941274,民主進步黨,0.37925922620989083
屏東縣,處理縣市,屏東縣,2010,95.62933030104837,民主進步黨,0.37925922620989083
屏東縣,處理縣市,屏東縣,2011,96.3654645176523,民主進步黨,0.37925922620989083
屏東縣,處理縣市,屏東縣,2012,99.8936167325682,民主進步黨,0.37925922620989083
屏東縣,處理縣市,屏東縣,2013,97.98400994357888,民主進步黨,0.37925922620989083
屏東縣,處理縣市,屏東縣,2014,94.92372699665381,民主進步黨,0.37925922620989083
屏東縣,處理縣市,屏東縣,2015,99.82251363035614,民主進步黨,0.37925922620989083
屏東縣,處理縣市,屏東縣,2016,103.33981040981983,民主進步黨,0.37925922620989083
屏東縣,處理縣市,屏東縣,2017,108.75083790392397,民主進步黨,0.37925922620989083
屏東縣,處理縣市,屏東縣,2018,113.23684660455548,民主進步黨,0.37925922620989083
屏東縣,處理縣市,屏東縣,2019,110.80468629148473,民主進步黨,0.37925922620989083
屏東縣,處理縣市,屏東縣,2020,121.03525574048997,民主進步黨,0.37925922620989083
屏東縣,處理縣市,屏東縣,2021,118.84544302389011,民主進步黨,0.37925922620989083
屏東縣,處理縣市,屏東縣,2022,123.43579959780611,民主進步黨,0.37925922620989083
屏東縣,處理縣市,屏東縣,2023,123.43851345666917,民主進步黨,0.37925922620989083
屏東縣,處理縣市,屏東縣,2024,123.19508031665305,民主進步黨,0.37925922620989083
屏東縣,配對縣市,雲林縣,1998,92.6361590807195,中國國民黨,0.37925922620989083
屏東縣,配對縣市,雲林縣,1999,103.95286839416755,中國國民黨,0.37925922620989083
屏東縣,配對縣市,雲林縣,2000,97.20918202528287,中國國民黨,0.37925922620989083
屏東縣,配對縣市,雲林縣,2001,102.51803257115117,中國國民黨,0.37925922620989083
屏東縣,配對縣市,雲林縣,2002,96.3199170093984,中國國民黨,0.37925922620989083
屏東縣,配對縣市,雲林縣,2003,94.30325099022082,中國國民黨,0.37925922620989083
屏東縣,配對縣市,雲林縣,2004,98.53117974962122,中國國民黨,0.37925922620989083
屏東縣,配對縣市,雲林縣,2005,90.81436977786925,中國國民黨,0.37925922620989083
屏東縣,配對縣市,雲林縣,2006,106.97345749724117,民主進步黨,0.37925922620989083
屏東縣,配對縣市,雲林縣,2007,92.9186743203377,民主進步黨,0.37925922620989083
屏東縣,配對縣市,雲林縣,2008,90.15568087677723,民主進步黨,0.37925922620989083
屏東縣,配對縣市,雲林縣,2009,86.09938922529156,民主進步黨,0.37925922620989083
屏東縣,配對縣市,雲林縣,2010,86.30574574818415,民主進步黨,0.37925922620989083
屏東縣,配對縣市,雲林縣,2011,94.36610993104766,民主進步黨,0.37925922620989083
屏東縣,配對縣市,雲林縣,2012,95.8951641664838,民主進步黨,0.37925922620989083
屏東縣,配對縣市,雲林縣,2013,98.60215855362837,民主進步黨,0.37925922620989083
屏東縣,配對縣市,雲林縣,2014,102.20317787645278,民主進步黨,0.37925922620989083
屏東縣,配對縣市,雲林縣,2015,102.58075151433698,民主進步黨,0.37925922620989083
屏東縣,配對縣市,雲林縣,2016,105.43586340570161,民主進步黨,0.37925922620989083
屏東縣,配對縣市,雲林縣,2017,104.30860240004955,民主進步黨,0.37925922620989083
屏東縣,配對縣市,雲林縣,2018,101.75686539681806,民主進步黨,0.37925922620989083
屏東縣,配對縣市,雲林縣,2019,111.66967836591954,中國國民黨,0.37925922620989083
屏東縣,配對縣市,雲林縣,2020,116.29856036925779,中國國民黨,0.37925922620989083
屏東縣,配對縣市,雲林縣,2021,122.31971891273632,中國國民黨,0.37925922620989083
屏東縣,配對縣市,雲林縣,2022,121.73130882744626,中國國民黨,0.37925922620989083
屏東縣,配對縣市,雲林縣,2023,128.92522760991477,中國國民黨,0.37925922620989083
屏東縣,配對縣市,雲林縣,2024,131.4580649316059,中國國民黨,0.37925922620989083
新竹縣,處理縣市,新竹縣,1998,94.32335710089741,中國國民黨,0.7287662139423445
新竹縣,處理縣市,新竹縣,1999,100.30469532150677,中國國民黨,0.7287662139423445
新竹縣,處理縣市,新竹縣,2000,105.82851160128277,中國國民黨,0.7287662139423445
新竹縣,處理縣市,新竹縣,2001,95.55094086881014,中國國民黨,0.7287662139423445
新竹縣,處理縣市,新竹縣,2002,98.31585220840032,中國國民黨,0.7287662139423445
新竹縣,處理縣市,新竹縣,2003,96.38831579266221,中國國民黨,0.7287662139423445
新竹縣,處理縣市,新竹縣,2004,101.00930810680102,中國國民黨,0.7287662139423445
新竹縣,處理縣市,新竹縣,2005,109.06606443882754,中國國民黨,0.7287662139423445
新竹縣,處理縣市,新竹縣,2006,99.1895762045096,中國國民黨,0.7287662139423445
新竹縣,處理縣市,新竹縣,2007,94.2569760316185,中國國民黨,0.7287662139423445
新竹縣,處理縣市,新竹縣,2008,110.18097643860385,中國國民黨,0.7287662139423445
新竹縣,處理縣市,新竹縣,2009,104.70117256825613,中國國民黨,0.7287662139423445
新竹縣,處理縣市,新竹縣,2010,109.00444706562793,中國國民黨,0.7287662139423445
新竹縣,處理縣市,新竹縣,2011,113.6988624345542,中國國民黨,0.7287662139423445
新竹縣,處理縣市,新竹縣,2012,113.27789668319895,中國國民黨,0.7287662139423445
新竹縣,處理縣市,新竹縣,2013,111.21086681922576,中國國民黨,0.7287662139423445
新竹縣,處理縣市,新竹縣,2014,114.84038899720832,中國國民黨,0.7287662139423445
新竹縣,處理縣市,新竹縣,2015,106.2875869212724,中國國民黨,0.7287662139423445
新竹縣,處理縣市,新竹縣,2016,114.4324716307659,中國國民黨,0.7287662139423445
新竹縣,處理縣市,新竹縣,2017,131.70273397320474,中國國民黨,0.7287662139423445
新竹縣,處理縣市,新竹縣,2018,122.55125957043371,中國國民黨,0.7287662139423445
新竹縣,處理縣市,新竹縣,2019,126.81632094056073,中國國民黨,0.7287662139423445
新竹縣,處理縣市,新竹縣,2020,134.04667956143962,中國國民黨,0.7287662139423445
新竹縣,處理縣市,新竹縣,2021,139.82255749897672,中國國民黨,0.7287662139423445
新竹縣,處理縣市,新竹縣,2022,142.94153572759114,中國國民黨,0.7287662139423445
新竹縣,處理縣市,新竹縣,2023,148.01217952817143,中國國民黨,0.7287662139423445
新竹縣,處理縣市,新竹縣,2024,153.4258094464611,中國國民黨,0.7287662139423445
新竹縣,配對縣市,桃園市,1998,99.1633724740465,民主進步黨,0.7287662139423445
新竹縣,配對縣市,桃園市,1999,98.54422427503413,民主進步黨,0.7287662139423445
新竹縣,配對縣市,桃園市,2000,102.83578849822386,民主進步黨,0.7287662139423445
新竹縣,配對縣市,桃園市,2001,96.35262957969303,民主進步黨,0.7287662139423445
新竹縣,配對縣市,桃園市,2002,102.267357647049,中國國民黨,0.7287662139423445
新竹縣,配對縣市,桃園市,2003,100.15570017072753,中國國民黨,0.7287662139423445
新竹縣,配對縣市,桃園市,2004,103.93414258462283,中國國民黨,0.7287662139423445
新竹縣,配對縣市,桃園市,2005,102.8473720900139,中國國民黨,0.7287662139423445
新竹縣,配對縣市,桃園市,2006,102.40239519458348,中國國民黨,0.7287662139423445
新竹縣,配對縣市,桃園市,2007,104.75209026435634,中國國民黨,0.7287662139423445
新竹縣,配對縣市,桃園市,2008,100.18627667878594,中國國民黨,0.7287662139423445
新竹縣,配對縣市,桃園市,2009,98.1935858208488,中國國民黨,0.7287662139423445
新竹縣,配對縣市,桃園市,2010,95.53843874054007,中國國民黨,0.7287662139423445
新竹縣,配對縣市,桃園市,2011,100.39092013374353,中國國民黨,0.7287662139423445
新竹縣,配對縣市,桃園市,2012,105.09187562353117,中國國民黨,0.7287662139423445
新竹縣,配對縣市,桃園市,2013,107.24297992594849,中國國民黨,0.7287662139423445
新竹縣,配對縣市,桃園市,2014,113.6305481230407,中國國民黨,0.7287662139423445
新竹縣,配對縣市,桃園市,2015,112.05883212349153,民主進步黨,0.7287662139423445
新竹縣,配對縣市,桃園市,2016,113.4433322341096,民主進步黨,0.7287662139423445
新竹縣,配對縣市,桃園市,2017,115.38833208801024,民主進步黨,0.7287662139423445
新竹縣,配對縣市,桃園市,2018,117.92200798954764,民主進步黨,0.7287662139423445
新竹縣,配對縣市,桃園市,2019,119.73426614293525,民主進步黨,0.7287662139423445
新竹縣,配對縣市,桃園市,2020,123.42442280318747,民主進步黨,0.7287662139423445
新竹縣,配對縣市,桃園市,2021,124.26793787020533,民主進步黨,0.7287662139423445
新竹縣,配對縣市,桃園市,2022,124.72387221732906,民主進步黨,0.7287662139423445
新竹縣,配對縣市,桃園市,2023,127.68259288788335,中國國民黨,0.7287662139423445
新竹縣,配對縣市,桃園市,2024,129.4773191185617,中國國民黨,0.7287662139423445
南投縣,處理縣市,南投縣,1998,97.86874604847208,中國國民黨,1.2106806476767065
南投縣,處理縣市,南投縣,1999,115.83393045310852,中國國民黨,1.2106806476767065
南投縣,處理縣市,南投縣,2000,98.38573656480506,中國國民黨,1.2106806476767065
南投縣,處理縣市,南投縣,2001,93.6096775553214,中國國民黨,1.2106806476767065
南投縣,處理縣市,南投縣,2002,92.17065542676501,中國國民黨,1.2106806476767065
南投縣,處理縣市,南投縣,2003,91.92585036880926,中國國民黨,1.2106806476767065
南投縣,處理縣市,南投縣,2004,99.58899051633298,中國國民黨,1.2106806476767065
南投縣,處理縣市,南投縣,2005,100.95450368809273,中國國民黨,1.2106806476767065
南投縣,處理縣市,南投縣,2006,110.00352370916755,中國國民黨,1.2106806476767065
南投縣,處理縣市,南投縣,2007,97.41069757639622,中國國民黨,1.2106806476767065
南投縣,處理縣市,南投縣,2008,95.62045100105374,中國國民黨,1.2106806476767065
南投縣,處理縣市,南投縣,2009,109.07825500526872,中國國民黨,1.2106806476767065
南投縣,處理縣市,南投縣,2010,105.5973024236038,中國國民黨,1.2106806476767065
南投縣,處理縣市,南投縣,2011,98.33165015806111,中國國民黨,1.2106806476767065
南投縣,處理縣市,南投縣,2012,112.19085353003162,中國國民黨,1.2106806476767065
南投縣,處理縣市,南投縣,2013,101.01479452054794,中國國民黨,1.2106806476767065
南投縣,處理縣市,南投縣,2014,105.5515785036881,中國國民黨,1.2106806476767065
南投縣,處理縣市,南投縣,2015,99.64226765015806,中國國民黨,1.2106806476767065
南投縣,處理縣市,南投縣,2016,104.56750263435195,中國國民黨,1.2106806476767065
南投縣,處理縣市,南投縣,2017,102.29047839831402,中國國民黨,1.2106806476767065
南投縣,處理縣市,南投縣,2018,110.25561222339304,中國國民黨,1.2106806476767065
南投縣,處理縣市,南投縣,2019,107.10066174920969,中國國民黨,1.2106806476767065
南投縣,處理縣市,南投縣,2020,114.04489778714438,中國國民黨,1.2106806476767065
南投縣,處理縣市,南投縣,2021,112.76678609062172,中國國民黨,1.2106806476767065
南投縣,處理縣市,南投縣,2022,118.55214330874604,中國國民黨,1.2106806476767065
南投縣,處理縣市,南投縣,2023,123.84721601685986,中國國民黨,1.2106806476767065
南投縣,處理縣市,南投縣,2024,120.33389251844046,中國國民黨,1.2106806476767065
南投縣,配對縣市,嘉義縣,1998,88.49873093305459,中國國民黨,1.2106806476767065
南投縣,配對縣市,嘉義縣,1999,95.74305630925248,中國國民黨,1.2106806476767065
南投縣,配對縣市,嘉義縣,2000,110.58662690955066,中國國民黨,1.2106806476767065
南投縣,配對縣市,嘉義縣,2001,100.59357678854659,中國國民黨,1.2106806476767065
南投縣,配對縣市,嘉義縣,2002,93.07673999265027,民主進步黨,1.2106806476767065
南投縣,配對縣市,嘉義縣,2003,93.82420423885497,民主進步黨,1.2106806476767065
南投縣,配對縣市,嘉義縣,2004,100.79373330362975,民主進步黨,1.2106806476767065
南投縣,配對縣市,嘉義縣,2005,103.44177048643442,民主進步黨,1.2106806476767065
南投縣,配對縣市,嘉義縣,2006,106.21517206186726,民主進步黨,1.2106806476767065
南投縣,配對縣市,嘉義縣,2007,97.31917462094599,民主進步黨,1.2106806476767065
南投縣,配對縣市,嘉義縣,2008,99.79340770655897,民主進步黨,1.2106806476767065
南投縣,配對縣市,嘉義縣,2009,95.95814078360362,民主進步黨,1.2106806476767065
南投縣,配對縣市,嘉義縣,2010,100.30507112677532,民主進步黨,1.2106806476767065
南投縣,配對縣市,嘉義縣,2011,104.7804123848748,民主進步黨,1.2106806476767065
南投縣,配對縣市,嘉義縣,2012,113.9332316556516,民主進步黨,1.2106806476767065
南投縣,配對縣市,嘉義縣,2013,110.80597651512123,民主進步黨,1.2106806476767065
南投縣,配對縣市,嘉義縣,2014,101.74363895664227,民主進步黨,1.2106806476767065
南投縣,配對縣市,嘉義縣,2015,114.40574726431818,民主進步黨,1.2106806476767065
南投縣,配對縣市,嘉義縣,2016,117.06414262294145,民主進步黨,1.2106806476767065
南投縣,配對縣市,嘉義縣,2017,117.2874527075015,民主進步黨,1.2106806476767065
南投縣,配對縣市,嘉義縣,2018,123.17043959412706,民主進步黨,1.2106806476767065
南投縣,配對縣市,嘉義縣,2019,111.93334209208494,民主進步黨,1.2106806476767065
南投縣,配對縣市,嘉義縣,2020,119.00264476217133,民主進步黨,1.2106806476767065
南投縣,配對縣市,嘉義縣,2021,120.64045515043156,民主進步黨,1.2106806476767065
南投縣,配對縣市,嘉義縣,2022,116.41127289413906,民主進步黨,1.2106806476767065
南投縣,配對縣市,嘉義縣,2023,122.26958295013794,民主進步黨,1.2106806476767065
南投縣,配對縣市,嘉義縣,2024,127.48340121365833,民主進步黨,1.2106806476767065
臺東縣,處理縣市,臺東縣,1998,90.16972992609124,中國國民黨,1.3748547634705068
臺東縣,處理縣市,臺東縣,1999,92.12528683599697,中國國民黨,1.3748547634705068
臺東縣,處理縣市,臺東縣,2000,102.85366482479499,中國國民黨,1.3748547634705068
臺東縣,處理縣市,臺東縣,2001,100.56130241084577,中國國民黨,1.3748547634705068
臺東縣,處理縣市,臺東縣,2002,104.45974592836227,中國國民黨,1.3748547634705068
臺東縣,處理縣市,臺東縣,2003,99.40365377837637,中國國民黨,1.3748547634705068
臺東縣,處理縣市,臺東縣,2004,101.3173505756367,中國國民黨,1.3748547634705068
臺東縣,處理縣市,臺東縣,2005,95.8184393796203,中國國民黨,1.3748547634705068
臺東縣,處理縣市,臺東縣,2006,100.22882726328287,中國國民黨,1.3748547634705068
臺東縣,處理縣市,臺東縣,2007,115.54978887507363,中國國民黨,1.3748547634705068
臺東縣,處理縣市,臺東縣,2008,94.06159771710023,中國國民黨,1.3748547634705068
臺東縣,處理縣市,臺東縣,2009,107.06357324176501,中國國民黨,1.3748547634705068
臺東縣,處理縣市,臺東縣,2010,91.16346654659283,中國國民黨,1.3748547634705068
臺東縣,處理縣市,臺東縣,2011,97.49268350186306,中國國民黨,1.3748547634705068
臺東縣,處理縣市,臺東縣,2012,107.45972066794947,中國國民黨,1.3748547634705068
臺東縣,處理縣市,臺東縣,2013,108.48184518093473,中國國民黨,1.3748547634705068
臺東縣,處理縣市,臺東縣,2014,111.87395775737252,中國國民黨,1.3748547634705068
臺東縣,處理縣市,臺東縣,2015,102.02993479204866,中國國民黨,1.3748547634705068
臺東縣,處理縣市,臺東縣,2016,108.20229661257865,中國國民黨,1.3748547634705068
臺東縣,處理縣市,臺東縣,2017,120.65255264490555,中國國民黨,1.3748547634705068
臺東縣,處理縣市,臺東縣,2018,120.49489559229853,中國國民黨,1.3748547634705068
臺東縣,處理縣市,臺東縣,2019,119.77044299145838,中國國民黨,1.3748547634705068
臺東縣,處理縣市,臺東縣,2020,122.6381012830285,中國國民黨,1.3748547634705068
臺東縣,處理縣市,臺東縣,2021,125.52452445268104,中國國民黨,1.3748547634705068
臺東縣,處理縣市,臺東縣,2022,125.07545044728974,中國國民黨,1.3748547634705068
臺東縣,處理縣市,臺東縣,2023,126.61769888866212,中國國民黨,1.3748547634705068
臺東縣,處理縣市,臺東縣,2024,125.53783628926942,中國國民黨,1.3748547634705068
臺東縣,配對縣市,宜蘭縣,1998,102.64517963142251,民主進步黨,1.3748547634705068
臺東縣,配對縣市,宜蘭縣,1999,108.30380197900469,民主進步黨,1.3748547634705068
臺東縣,配對縣市,宜蘭縣,2000,105.47285320700684,民主進步黨,1.3748547634705068
臺東縣,配對縣市,宜蘭縣,2001,95.09729298466029,民主進步黨,1.3748547634705068
臺東縣,配對縣市,宜蘭縣,2002,91.1260518293282,民主進步黨,1.3748547634705068
臺東縣,配對縣市,宜蘭縣,2003,102.07568847903809,民主進步黨,1.3748547634705068
臺東縣,配對縣市,宜蘭縣,2004,95.54717396402262,民主進步黨,1.3748547634705068
臺東縣,配對縣市,宜蘭縣,2005,107.750948824401,民主進步黨,1.3748547634705068
臺東縣,配對縣市,宜蘭縣,2006,100.59582373154919,中國國民黨,1.3748547634705068
臺東縣,配對縣市,宜蘭縣,2007,98.36986924105838,中國國民黨,1.3748547634705068
臺東縣,配對縣市,宜蘭縣,2008,111.08575381265615,中國國民黨,1.3748547634705068
臺東縣,配對縣市,宜蘭縣,2009,97.7660540302602,中國國民黨,1.3748547634705068
臺東縣,配對縣市,宜蘭縣,2010,105.1315777407171,民主進步黨,1.3748547634705068
臺東縣,配對縣市,宜蘭縣,2011,94.5103777873559,民主進步黨,1.3748547634705068
臺東縣,配對縣市,宜蘭縣,2012,116.95425074641726,民主進步黨,1.3748547634705068
臺東縣,配對縣市,宜蘭縣,2013,106.62401924243396,民主進步黨,1.3748547634705068
臺東縣,配對縣市,宜蘭縣,2014,118.24821534547428,民主進步黨,1.3748547634705068
臺東縣,配對縣市,宜蘭縣,2015,125.91099588242307,民主進步黨,1.3748547634705068
臺東縣,配對縣市,宜蘭縣,2016,118.80119950793448,民主進步黨,1.3748547634705068
臺東縣,配對縣市,宜蘭縣,2017,118.05995705562462,民主進步黨,1.3748547634705068
臺東縣,配對縣市,宜蘭縣,2018,118.73897077607745,民主進步黨,1.3748547634705068
臺東縣,配對縣市,宜蘭縣,2019,120.71050800916532,中國國民黨,1.3748547634705068
臺東縣,配對縣市,宜蘭縣,2020,125.68553136131573,中國國民黨,1.3748547634705068
臺東縣,配對縣市,宜蘭縣,2021,124.43820555918738,中國國民黨,1.3748547634705068
臺東縣,配對縣市,宜蘭縣,2022,125.92802690377343,中國國民黨,1.3748547634705068
臺東縣,配對縣市,宜蘭縣,2023,123.19310689062024,中國國民黨,1.3748547634705068
臺東縣,配對縣市,宜蘭縣,2024,123.09642309249284,中國國民黨,1.3748547634705068
