county,year,local_party,central_party,aligned,party_alternation,consecutive_years,dpp_dummy,kmt_dummy
南投縣,1990,KMT,KMT,1,0,1,0,1
南投縣,1991,KMT,KMT,1,0,2,0,1
南投縣,1992,KMT,KMT,1,0,3,0,1
南投縣,1993,KMT,KMT,1,0,4,0,1
南投縣,1994,KMT,KMT,1,0,5,0,1
南投縣,1995,KMT,KMT,1,0,6,0,1
南投縣,1996,KMT,KMT,1,0,7,0,1
南投縣,1997,DPP,KMT,0,1,1,1,0
南投縣,1998,DPP,KMT,0,1,2,1,0
南投縣,1999,DPP,KMT,0,1,3,1,0
南投縣,2000,DPP,DPP,1,1,4,1,0
南投縣,2001,DPP,DPP,1,0,5,1,0
南投縣,2002,DPP,DPP,1,0,6,1,0
南投縣,2003,DPP,DPP,1,0,7,1,0
南投縣,2004,DPP,DPP,1,0,8,1,0
南投縣,2005,KMT,DPP,0,1,1,0,1
南投縣,2006,KMT,DPP,0,1,2,0,1
南投縣,2007,KMT,DPP,0,1,3,0,1
南投縣,2008,KMT,KMT,1,1,4,0,1
南投縣,2009,KMT,KMT,1,0,5,0,1
南投縣,2010,KMT,KMT,1,0,6,0,1
南投縣,2011,KMT,KMT,1,0,7,0,1
南投縣,2012,KMT,KMT,1,0,8,0,1
南投縣,2013,KMT,KMT,1,0,9,0,1
南投縣,2014,KMT,KMT,1,0,10,0,1
南投縣,2015,KMT,KMT,1,0,11,0,1
南投縣,2016,KMT,DPP,0,0,12,0,1
南投縣,2017,KMT,DPP,0,0,13,0,1
南投縣,2018,KMT,DPP,0,0,14,0,1
南投縣,2019,KMT,DPP,0,0,15,0,1
南投縣,2020,KMT,DPP,0,0,16,0,1
南投縣,2021,KMT,DPP,0,0,17,0,1
南投縣,2022,KMT,DPP,0,0,18,0,1
南投縣,2023,KMT,DPP,0,0,19,0,1
南投縣,2024,KMT,DPP,0,0,20,0,1
嘉義市,1990,IND,KMT,0,0,1,0,0
嘉義市,1991,IND,KMT,0,0,2,0,0
嘉義市,1992,IND,KMT,0,0,3,0,0
嘉義市,1993,IND,KMT,0,0,4,0,0
嘉義市,1994,IND,KMT,0,0,5,0,0
嘉義市,1995,IND,KMT,0,0,6,0,0
嘉義市,1996,IND,KMT,0,0,7,0,0
嘉義市,1997,IND,KMT,0,0,8,0,0
嘉義市,1998,IND,KMT,0,0,9,0,0
嘉義市,1999,IND,KMT,0,0,10,0,0
嘉義市,2000,IND,DPP,0,0,11,0,0
嘉義市,2001,IND,DPP,0,0,12,0,0
嘉義市,2002,IND,DPP,0,0,13,0,0
嘉義市,2003,IND,DPP,0,0,14,0,0
嘉義市,2004,IND,DPP,0,0,15,0,0
嘉義市,2005,KMT,DPP,0,1,1,0,1
嘉義市,2006,KMT,DPP,0,1,2,0,1
嘉義市,2007,KMT,DPP,0,1,3,0,1
嘉義市,2008,KMT,KMT,1,1,4,0,1
嘉義市,2009,KMT,KMT,1,0,5,0,1
嘉義市,2010,KMT,KMT,1,0,6,0,1
嘉義市,2011,KMT,KMT,1,0,7,0,1
嘉義市,2012,KMT,KMT,1,0,8,0,1
嘉義市,2013,KMT,KMT,1,0,9,0,1
嘉義市,2014,DPP,KMT,0,1,1,1,0
嘉義市,2015,DPP,KMT,0,1,2,1,0
嘉義市,2016,DPP,DPP,1,1,3,1,0
嘉義市,2017,DPP,DPP,1,1,4,1,0
嘉義市,2018,KMT,DPP,0,1,1,0,1
嘉義市,2019,KMT,DPP,0,1,2,0,1
嘉義市,2020,KMT,DPP,0,1,3,0,1
嘉義市,2021,KMT,DPP,0,1,4,0,1
嘉義市,2022,KMT,DPP,0,0,5,0,1
嘉義市,2023,KMT,DPP,0,0,6,0,1
嘉義市,2024,KMT,DPP,0,0,7,0,1
嘉義縣,1990,KMT,KMT,1,0,1,0,1
嘉義縣,1991,KMT,KMT,1,0,2,0,1
嘉義縣,1992,KMT,KMT,1,0,3,0,1
嘉義縣,1993,KMT,KMT,1,0,4,0,1
嘉義縣,1994,KMT,KMT,1,0,5,0,1
嘉義縣,1995,KMT,KMT,1,0,6,0,1
嘉義縣,1996,KMT,KMT,1,0,7,0,1
嘉義縣,1997,KMT,KMT,1,0,8,0,1
嘉義縣,1998,KMT,KMT,1,0,9,0,1
嘉義縣,1999,KMT,KMT,1,0,10,0,1
嘉義縣,2000,KMT,DPP,0,0,11,0,1
嘉義縣,2001,DPP,DPP,1,1,1,1,0
嘉義縣,2002,DPP,DPP,1,1,2,1,0
嘉義縣,2003,DPP,DPP,1,1,3,1,0
嘉義縣,2004,DPP,DPP,1,1,4,1,0
嘉義縣,2005,DPP,DPP,1,0,5,1,0
嘉義縣,2006,DPP,DPP,1,0,6,1,0
嘉義縣,2007,DPP,DPP,1,0,7,1,0
嘉義縣,2008,DPP,KMT,0,0,8,1,0
嘉義縣,2009,DPP,KMT,0,0,9,1,0
嘉義縣,2010,DPP,KMT,0,0,10,1,0
嘉義縣,2011,DPP,KMT,0,0,11,1,0
嘉義縣,2012,DPP,KMT,0,0,12,1,0
嘉義縣,2013,DPP,KMT,0,0,13,1,0
嘉義縣,2014,DPP,KMT,0,0,14,1,0
嘉義縣,2015,DPP,KMT,0,0,15,1,0
嘉義縣,2016,DPP,DPP,1,0,16,1,0
嘉義縣,2017,DPP,DPP,1,0,17,1,0
嘉義縣,2018,DPP,DPP,1,0,18,1,0
嘉義縣,2019,DPP,DPP,1,0,19,1,0
嘉義縣,2020,DPP,DPP,1,0,20,1,0
嘉義縣,2021,DPP,DPP,1,0,21,1,0
嘉義縣,2022,DPP,DPP,1,0,22,1,0
嘉義縣,2023,DPP,DPP,1,0,23,1,0
嘉義縣,2024,DPP,DPP,1,0,24,1,0
基隆市,1990,KMT,KMT,1,0,1,0,1
基隆市,1991,KMT,KMT,1,0,2,0,1
基隆市,1992,KMT,KMT,1,0,3,0,1
基隆市,1993,KMT,KMT,1,0,4,0,1
基隆市,1994,KMT,KMT,1,0,5,0,1
基隆市,1995,KMT,KMT,1,0,6,0,1
基隆市,1996,KMT,KMT,1,0,7,0,1
基隆市,1997,DPP,KMT,0,1,1,1,0
基隆市,1998,DPP,KMT,0,1,2,1,0
基隆市,1999,DPP,KMT,0,1,3,1,0
基隆市,2000,DPP,DPP,1,1,4,1,0
基隆市,2001,KMT,DPP,0,1,1,0,1
基隆市,2002,KMT,DPP,0,1,2,0,1
基隆市,2003,KMT,DPP,0,1,3,0,1
基隆市,2004,KMT,DPP,0,1,4,0,1
基隆市,2005,KMT,DPP,0,0,5,0,1
基隆市,2006,KMT,DPP,0,0,6,0,1
基隆市,2007,KMT,DPP,0,0,7,0,1
基隆市,2008,KMT,KMT,1,0,8,0,1
基隆市,2009,KMT,KMT,1,0,9,0,1
基隆市,2010,KMT,KMT,1,0,10,0,1
基隆市,2011,KMT,KMT,1,0,11,0,1
基隆市,2012,KMT,KMT,1,0,12,0,1
基隆市,2013,KMT,KMT,1,0,13,0,1
基隆市,2014,DPP,KMT,0,1,1,1,0
基隆市,2015,DPP,KMT,0,1,2,1,0
基隆市,2016,DPP,DPP,1,1,3,1,0
基隆市,2017,DPP,DPP,1,1,4,1,0
基隆市,2018,DPP,DPP,1,0,5,1,0
基隆市,2019,DPP,DPP,1,0,6,1,0
基隆市,2020,DPP,DPP,1,0,7,1,0
基隆市,2021,DPP,DPP,1,0,8,1,0
基隆市,2022,KMT,DPP,0,1,1,0,1
基隆市,2023,KMT,DPP,0,1,2,0,1
基隆市,2024,KMT,DPP,0,1,3,0,1
宜蘭縣,1990,DPP,KMT,0,0,1,1,0
宜蘭縣,1991,DPP,KMT,0,0,2,1,0
宜蘭縣,1992,DPP,KMT,0,0,3,1,0
宜蘭縣,1993,DPP,KMT,0,0,4,1,0
宜蘭縣,1994,DPP,KMT,0,0,5,1,0
宜蘭縣,1995,DPP,KMT,0,0,6,1,0
宜蘭縣,1996,DPP,KMT,0,0,7,1,0
宜蘭縣,1997,DPP,KMT,0,0,8,1,0
宜蘭縣,1998,DPP,KMT,0,0,9,1,0
宜蘭縣,1999,DPP,KMT,0,0,10,1,0
宜蘭縣,2000,DPP,DPP,1,0,11,1,0
宜蘭縣,2001,DPP,DPP,1,0,12,1,0
宜蘭縣,2002,DPP,DPP,1,0,13,1,0
宜蘭縣,2003,DPP,DPP,1,0,14,1,0
宜蘭縣,2004,DPP,DPP,1,0,15,1,0
宜蘭縣,2005,KMT,DPP,0,1,1,0,1
宜蘭縣,2006,KMT,DPP,0,1,2,0,1
宜蘭縣,2007,KMT,DPP,0,1,3,0,1
宜蘭縣,2008,KMT,KMT,1,1,4,0,1
宜蘭縣,2009,DPP,KMT,0,1,1,1,0
宜蘭縣,2010,DPP,KMT,0,1,2,1,0
宜蘭縣,2011,DPP,KMT,0,1,3,1,0
宜蘭縣,2012,DPP,KMT,0,1,4,1,0
宜蘭縣,2013,DPP,KMT,0,0,5,1,0
宜蘭縣,2014,DPP,KMT,0,0,6,1,0
宜蘭縣,2015,DPP,KMT,0,0,7,1,0
宜蘭縣,2016,DPP,DPP,1,0,8,1,0
宜蘭縣,2017,DPP,DPP,1,0,9,1,0
宜蘭縣,2018,KMT,DPP,0,1,1,0,1
宜蘭縣,2019,KMT,DPP,0,1,2,0,1
宜蘭縣,2020,KMT,DPP,0,1,3,0,1
宜蘭縣,2021,KMT,DPP,0,1,4,0,1
宜蘭縣,2022,KMT,DPP,0,0,5,0,1
宜蘭縣,2023,KMT,DPP,0,0,6,0,1
宜蘭縣,2024,KMT,DPP,0,0,7,0,1
屏東縣,1990,KMT,KMT,1,0,1,0,1
屏東縣,1991,KMT,KMT,1,0,2,0,1
屏東縣,1992,KMT,KMT,1,0,3,0,1
屏東縣,1993,DPP,KMT,0,1,1,1,0
屏東縣,1994,DPP,KMT,0,1,2,1,0
屏東縣,1995,DPP,KMT,0,1,3,1,0
屏東縣,1996,DPP,KMT,0,1,4,1,0
屏東縣,1997,DPP,KMT,0,0,5,1,0
屏東縣,1998,DPP,KMT,0,0,6,1,0
屏東縣,1999,DPP,KMT,0,0,7,1,0
屏東縣,2000,DPP,DPP,1,0,8,1,0
屏東縣,2001,DPP,DPP,1,0,9,1,0
屏東縣,2002,DPP,DPP,1,0,10,1,0
屏東縣,2003,DPP,DPP,1,0,11,1,0
屏東縣,2004,DPP,DPP,1,0,12,1,0
屏東縣,2005,DPP,DPP,1,0,13,1,0
屏東縣,2006,DPP,DPP,1,0,14,1,0
屏東縣,2007,DPP,DPP,1,0,15,1,0
屏東縣,2008,DPP,KMT,0,0,16,1,0
屏東縣,2009,DPP,KMT,0,0,17,1,0
屏東縣,2010,DPP,KMT,0,0,18,1,0
屏東縣,2011,DPP,KMT,0,0,19,1,0
屏東縣,2012,DPP,KMT,0,0,20,1,0
屏東縣,2013,DPP,KMT,0,0,21,1,0
屏東縣,2014,DPP,KMT,0,0,22,1,0
屏東縣,2015,DPP,KMT,0,0,23,1,0
屏東縣,2016,DPP,DPP,1,0,24,1,0
屏東縣,2017,DPP,DPP,1,0,25,1,0
屏東縣,2018,DPP,DPP,1,0,26,1,0
屏東縣,2019,DPP,DPP,1,0,27,1,0
屏東縣,2020,DPP,DPP,1,0,28,1,0
屏東縣,2021,DPP,DPP,1,0,29,1,0
屏東縣,2022,DPP,DPP,1,0,30,1,0
屏東縣,2023,DPP,DPP,1,0,31,1,0
屏東縣,2024,DPP,DPP,1,0,32,1,0
彰化縣,1990,DPP,KMT,0,0,1,1,0
彰化縣,1991,DPP,KMT,0,0,2,1,0
彰化縣,1992,DPP,KMT,0,0,3,1,0
彰化縣,1993,KMT,KMT,1,1,1,0,1
彰化縣,1994,KMT,KMT,1,1,2,0,1
彰化縣,1995,KMT,KMT,1,1,3,0,1
彰化縣,1996,KMT,KMT,1,1,4,0,1
彰化縣,1997,KMT,KMT,1,0,5,0,1
彰化縣,1998,KMT,KMT,1,0,6,0,1
彰化縣,1999,KMT,KMT,1,0,7,0,1
彰化縣,2000,KMT,DPP,0,0,8,0,1
彰化縣,2001,DPP,DPP,1,1,1,1,0
彰化縣,2002,DPP,DPP,1,1,2,1,0
彰化縣,2003,DPP,DPP,1,1,3,1,0
彰化縣,2004,DPP,DPP,1,1,4,1,0
彰化縣,2005,KMT,DPP,0,1,1,0,1
彰化縣,2006,KMT,DPP,0,1,2,0,1
彰化縣,2007,KMT,DPP,0,1,3,0,1
彰化縣,2008,KMT,KMT,1,1,4,0,1
彰化縣,2009,KMT,KMT,1,0,5,0,1
彰化縣,2010,KMT,KMT,1,0,6,0,1
彰化縣,2011,KMT,KMT,1,0,7,0,1
彰化縣,2012,KMT,KMT,1,0,8,0,1
彰化縣,2013,KMT,KMT,1,0,9,0,1
彰化縣,2014,DPP,KMT,0,1,1,1,0
彰化縣,2015,DPP,KMT,0,1,2,1,0
彰化縣,2016,DPP,DPP,1,1,3,1,0
彰化縣,2017,DPP,DPP,1,1,4,1,0
彰化縣,2018,KMT,DPP,0,1,1,0,1
彰化縣,2019,KMT,DPP,0,1,2,0,1
彰化縣,2020,KMT,DPP,0,1,3,0,1
彰化縣,2021,KMT,DPP,0,1,4,0,1
彰化縣,2022,KMT,DPP,0,0,5,0,1
彰化縣,2023,KMT,DPP,0,0,6,0,1
彰化縣,2024,KMT,DPP,0,0,7,0,1
新北市,1990,DPP,KMT,0,0,1,1,0
新北市,1991,DPP,KMT,0,0,2,1,0
新北市,1992,DPP,KMT,0,0,3,1,0
新北市,1993,DPP,KMT,0,0,4,1,0
新北市,1994,DPP,KMT,0,0,5,1,0
新北市,1995,DPP,KMT,0,0,6,1,0
新北市,1996,DPP,KMT,0,0,7,1,0
新北市,1997,DPP,KMT,0,0,8,1,0
新北市,1998,DPP,KMT,0,0,9,1,0
新北市,1999,DPP,KMT,0,0,10,1,0
新北市,2000,DPP,DPP,1,0,11,1,0
新北市,2001,DPP,DPP,1,0,12,1,0
新北市,2002,DPP,DPP,1,0,13,1,0
新北市,2003,DPP,DPP,1,0,14,1,0
新北市,2004,DPP,DPP,1,0,15,1,0
新北市,2005,KMT,DPP,0,1,1,0,1
新北市,2006,KMT,DPP,0,1,2,0,1
新北市,2007,KMT,DPP,0,1,3,0,1
新北市,2008,KMT,KMT,1,1,4,0,1
新北市,2009,KMT,KMT,1,0,5,0,1
新北市,2010,KMT,KMT,1,0,6,0,1
新北市,2011,KMT,KMT,1,0,7,0,1
新北市,2012,KMT,KMT,1,0,8,0,1
新北市,2013,KMT,KMT,1,0,9,0,1
新北市,2014,KMT,KMT,1,0,10,0,1
新北市,2015,KMT,KMT,1,0,11,0,1
新北市,2016,KMT,DPP,0,0,12,0,1
新北市,2017,KMT,DPP,0,0,13,0,1
新北市,2018,KMT,DPP,0,0,14,0,1
新北市,2019,KMT,DPP,0,0,15,0,1
新北市,2020,KMT,DPP,0,0,16,0,1
新北市,2021,KMT,DPP,0,0,17,0,1
新北市,2022,KMT,DPP,0,0,18,0,1
新北市,2023,KMT,DPP,0,0,19,0,1
新北市,2024,KMT,DPP,0,0,20,0,1
新竹市,1990,KMT,KMT,1,0,1,0,1
新竹市,1991,KMT,KMT,1,0,2,0,1
新竹市,1992,KMT,KMT,1,0,3,0,1
新竹市,1993,KMT,KMT,1,0,4,0,1
新竹市,1994,KMT,KMT,1,0,5,0,1
新竹市,1995,KMT,KMT,1,0,6,0,1
新竹市,1996,KMT,KMT,1,0,7,0,1
新竹市,1997,DPP,KMT,0,1,1,1,0
新竹市,1998,DPP,KMT,0,1,2,1,0
新竹市,1999,DPP,KMT,0,1,3,1,0
新竹市,2000,DPP,DPP,1,1,4,1,0
新竹市,2001,KMT,DPP,0,1,1,0,1
新竹市,2002,KMT,DPP,0,1,2,0,1
新竹市,2003,KMT,DPP,0,1,3,0,1
新竹市,2004,KMT,DPP,0,1,4,0,1
新竹市,2005,KMT,DPP,0,0,5,0,1
新竹市,2006,KMT,DPP,0,0,6,0,1
新竹市,2007,KMT,DPP,0,0,7,0,1
新竹市,2008,KMT,KMT,1,0,8,0,1
新竹市,2009,KMT,KMT,1,0,9,0,1
新竹市,2010,KMT,KMT,1,0,10,0,1
新竹市,2011,KMT,KMT,1,0,11,0,1
新竹市,2012,KMT,KMT,1,0,12,0,1
新竹市,2013,KMT,KMT,1,0,13,0,1
新竹市,2014,DPP,KMT,0,1,1,1,0
新竹市,2015,DPP,KMT,0,1,2,1,0
新竹市,2016,DPP,DPP,1,1,3,1,0
新竹市,2017,DPP,DPP,1,1,4,1,0
新竹市,2018,DPP,DPP,1,0,5,1,0
新竹市,2019,DPP,DPP,1,0,6,1,0
新竹市,2020,DPP,DPP,1,0,7,1,0
新竹市,2021,DPP,DPP,1,0,8,1,0
新竹市,2022,TPP,DPP,0,1,1,0,0
新竹市,2023,TPP,DPP,0,1,2,0,0
新竹市,2024,TPP,DPP,0,1,3,0,0
新竹縣,1990,DPP,KMT,0,0,1,1,0
新竹縣,1991,DPP,KMT,0,0,2,1,0
新竹縣,1992,DPP,KMT,0,0,3,1,0
新竹縣,1993,DPP,KMT,0,0,4,1,0
新竹縣,1994,DPP,KMT,0,0,5,1,0
新竹縣,1995,DPP,KMT,0,0,6,1,0
新竹縣,1996,DPP,KMT,0,0,7,1,0
新竹縣,1997,DPP,KMT,0,0,8,1,0
新竹縣,1998,DPP,KMT,0,0,9,1,0
新竹縣,1999,DPP,KMT,0,0,10,1,0
新竹縣,2000,DPP,DPP,1,0,11,1,0
新竹縣,2001,KMT,DPP,0,1,1,0,1
新竹縣,2002,KMT,DPP,0,1,2,0,1
新竹縣,2003,KMT,DPP,0,1,3,0,1
新竹縣,2004,KMT,DPP,0,1,4,0,1
新竹縣,2005,KMT,DPP,0,0,5,0,1
新竹縣,2006,KMT,DPP,0,0,6,0,1
新竹縣,2007,KMT,DPP,0,0,7,0,1
新竹縣,2008,KMT,KMT,1,0,8,0,1
新竹縣,2009,KMT,KMT,1,0,9,0,1
新竹縣,2010,KMT,KMT,1,0,10,0,1
新竹縣,2011,KMT,KMT,1,0,11,0,1
新竹縣,2012,KMT,KMT,1,0,12,0,1
新竹縣,2013,KMT,KMT,1,0,13,0,1
新竹縣,2014,KMT,KMT,1,0,14,0,1
新竹縣,2015,KMT,KMT,1,0,15,0,1
新竹縣,2016,KMT,DPP,0,0,16,0,1
新竹縣,2017,KMT,DPP,0,0,17,0,1
新竹縣,2018,KMT,DPP,0,0,18,0,1
新竹縣,2019,KMT,DPP,0,0,19,0,1
新竹縣,2020,KMT,DPP,0,0,20,0,1
新竹縣,2021,KMT,DPP,0,0,21,0,1
新竹縣,2022,KMT,DPP,0,0,22,0,1
新竹縣,2023,KMT,DPP,0,0,23,0,1
新竹縣,2024,KMT,DPP,0,0,24,0,1
桃園市,1990,KMT,KMT,1,0,1,0,1
桃園市,1991,KMT,KMT,1,0,2,0,1
桃園市,1992,KMT,KMT,1,0,3,0,1
桃園市,1993,KMT,KMT,1,0,4,0,1
桃園市,1994,KMT,KMT,1,0,5,0,1
桃園市,1995,KMT,KMT,1,0,6,0,1
桃園市,1996,KMT,KMT,1,0,7,0,1
桃園市,1997,DPP,KMT,0,1,1,1,0
桃園市,1998,DPP,KMT,0,1,2,1,0
桃園市,1999,DPP,KMT,0,1,3,1,0
桃園市,2000,DPP,DPP,1,1,4,1,0
桃園市,2001,KMT,DPP,0,1,1,0,1
桃園市,2002,KMT,DPP,0,1,2,0,1
桃園市,2003,KMT,DPP,0,1,3,0,1
桃園市,2004,KMT,DPP,0,1,4,0,1
桃園市,2005,KMT,DPP,0,0,5,0,1
桃園市,2006,KMT,DPP,0,0,6,0,1
桃園市,2007,KMT,DPP,0,0,7,0,1
桃園市,2008,KMT,KMT,1,0,8,0,1
桃園市,2009,KMT,KMT,1,0,9,0,1
桃園市,2010,KMT,KMT,1,0,10,0,1
桃園市,2011,KMT,KMT,1,0,11,0,1
桃園市,2012,KMT,KMT,1,0,12,0,1
桃園市,2013,KMT,KMT,1,0,13,0,1
桃園市,2014,DPP,KMT,0,1,1,1,0
桃園市,2015,DPP,KMT,0,1,2,1,0
桃園市,2016,DPP,DPP,1,1,3,1,0
桃園市,2017,DPP,DPP,1,1,4,1,0
桃園市,2018,DPP,DPP,1,0,5,1,0
桃園市,2019,DPP,DPP,1,0,6,1,0
桃園市,2020,DPP,DPP,1,0,7,1,0
桃園市,2021,DPP,DPP,1,0,8,1,0
桃園市,2022,KMT,DPP,0,1,1,0,1
桃園市,2023,KMT,DPP,0,1,2,0,1
桃園市,2024,KMT,DPP,0,1,3,0,1
澎湖縣,1990,KMT,KMT,1,0,1,0,1
澎湖縣,1991,KMT,KMT,1,0,2,0,1
澎湖縣,1992,KMT,KMT,1,0,3,0,1
澎湖縣,1993,DPP,KMT,0,1,1,1,0
澎湖縣,1994,DPP,KMT,0,1,2,1,0
澎湖縣,1995,DPP,KMT,0,1,3,1,0
澎湖縣,1996,DPP,KMT,0,1,4,1,0
澎湖縣,1997,KMT,KMT,1,1,1,0,1
澎湖縣,1998,KMT,KMT,1,1,2,0,1
澎湖縣,1999,KMT,KMT,1,1,3,0,1
澎湖縣,2000,KMT,DPP,0,1,4,0,1
澎湖縣,2001,KMT,DPP,0,0,5,0,1
澎湖縣,2002,KMT,DPP,0,0,6,0,1
澎湖縣,2003,KMT,DPP,0,0,7,0,1
澎湖縣,2004,KMT,DPP,0,0,8,0,1
澎湖縣,2005,KMT,DPP,0,0,9,0,1
澎湖縣,2006,KMT,DPP,0,0,10,0,1
澎湖縣,2007,KMT,DPP,0,0,11,0,1
澎湖縣,2008,KMT,KMT,1,0,12,0,1
澎湖縣,2009,KMT,KMT,1,0,13,0,1
澎湖縣,2010,KMT,KMT,1,0,14,0,1
澎湖縣,2011,KMT,KMT,1,0,15,0,1
澎湖縣,2012,KMT,KMT,1,0,16,0,1
澎湖縣,2013,KMT,KMT,1,0,17,0,1
澎湖縣,2014,DPP,KMT,0,1,1,1,0
澎湖縣,2015,DPP,KMT,0,1,2,1,0
澎湖縣,2016,DPP,DPP,1,1,3,1,0
澎湖縣,2017,DPP,DPP,1,1,4,1,0
澎湖縣,2018,KMT,DPP,0,1,1,0,1
澎湖縣,2019,KMT,DPP,0,1,2,0,1
澎湖縣,2020,KMT,DPP,0,1,3,0,1
澎湖縣,2021,KMT,DPP,0,1,4,0,1
澎湖縣,2022,DPP,DPP,1,1,1,1,0
澎湖縣,2023,DPP,DPP,1,1,2,1,0
澎湖縣,2024,DPP,DPP,1,1,3,1,0
臺中市,1990,KMT,KMT,1,0,1,0,1
臺中市,1991,KMT,KMT,1,0,2,0,1
臺中市,1992,KMT,KMT,1,0,3,0,1
臺中市,1993,KMT,KMT,1,0,4,0,1
臺中市,1994,KMT,KMT,1,0,5,0,1
臺中市,1995,KMT,KMT,1,0,6,0,1
臺中市,1996,KMT,KMT,1,0,7,0,1
臺中市,1997,DPP,KMT,0,1,1,1,0
臺中市,1998,DPP,KMT,0,1,2,1,0
臺中市,1999,DPP,KMT,0,1,3,1,0
臺中市,2000,DPP,DPP,1,1,4,1,0
臺中市,2001,KMT,DPP,0,1,1,0,1
臺中市,2002,KMT,DPP,0,1,2,0,1
臺中市,2003,KMT,DPP,0,1,3,0,1
臺中市,2004,KMT,DPP,0,1,4,0,1
臺中市,2005,KMT,DPP,0,0,5,0,1
臺中市,2006,KMT,DPP,0,0,6,0,1
臺中市,2007,KMT,DPP,0,0,7,0,1
臺中市,2008,KMT,KMT,1,0,8,0,1
臺中市,2009,KMT,KMT,1,0,9,0,1
臺中市,2010,KMT,KMT,1,0,10,0,1
臺中市,2011,KMT,KMT,1,0,11,0,1
臺中市,2012,KMT,KMT,1,0,12,0,1
臺中市,2013,KMT,KMT,1,0,13,0,1
臺中市,2014,DPP,KMT,0,1,1,1,0
臺中市,2015,DPP,KMT,0,1,2,1,0
臺中市,2016,DPP,DPP,1,1,3,1,0
臺中市,2017,DPP,DPP,1,1,4,1,0
臺中市,2018,KMT,DPP,0,1,1,0,1
臺中市,2019,KMT,DPP,0,1,2,0,1
臺中市,2020,KMT,DPP,0,1,3,0,1
臺中市,2021,KMT,DPP,0,1,4,0,1
臺中市,2022,KMT,DPP,0,0,5,0,1
臺中市,2023,KMT,DPP,0,0,6,0,1
臺中市,2024,KMT,DPP,0,0,7,0,1
臺北市,1994,DPP,KMT,0,0,1,1,0
臺北市,1995,DPP,KMT,0,0,2,1,0
臺北市,1996,DPP,KMT,0,0,3,1,0
臺北市,1997,DPP,KMT,0,0,4,1,0
臺北市,1998,KMT,KMT,1,1,1,0,1
臺北市,1999,KMT,KMT,1,1,2,0,1
臺北市,2000,KMT,DPP,0,1,3,0,1
臺北市,2001,KMT,DPP,0,1,4,0,1
臺北市,2002,KMT,DPP,0,0,5,0,1
臺北市,2003,KMT,DPP,0,0,6,0,1
臺北市,2004,KMT,DPP,0,0,7,0,1
臺北市,2005,KMT,DPP,0,0,8,0,1
臺北市,2006,KMT,DPP,0,0,9,0,1
臺北市,2007,KMT,DPP,0,0,10,0,1
臺北市,2008,KMT,KMT,1,0,11,0,1
臺北市,2009,KMT,KMT,1,0,12,0,1
臺北市,2010,KMT,KMT,1,0,13,0,1
臺北市,2011,KMT,KMT,1,0,14,0,1
臺北市,2012,KMT,KMT,1,0,15,0,1
臺北市,2013,KMT,KMT,1,0,16,0,1
臺北市,2014,IND,KMT,0,1,1,0,0
臺北市,2015,IND,KMT,0,1,2,0,0
臺北市,2016,IND,DPP,0,1,3,0,0
臺北市,2017,IND,DPP,0,1,4,0,0
臺北市,2018,IND,DPP,0,0,5,0,0
臺北市,2019,IND,DPP,0,0,6,0,0
臺北市,2020,IND,DPP,0,0,7,0,0
臺北市,2021,IND,DPP,0,0,8,0,0
臺北市,2022,KMT,DPP,0,1,1,0,1
臺北市,2023,KMT,DPP,0,1,2,0,1
臺北市,2024,KMT,DPP,0,1,3,0,1
臺南市,1990,KMT,KMT,1,0,1,0,1
臺南市,1991,KMT,KMT,1,0,2,0,1
臺南市,1992,KMT,KMT,1,0,3,0,1
臺南市,1993,KMT,KMT,1,0,4,0,1
臺南市,1994,KMT,KMT,1,0,5,0,1
臺南市,1995,KMT,KMT,1,0,6,0,1
臺南市,1996,KMT,KMT,1,0,7,0,1
臺南市,1997,DPP,KMT,0,1,1,1,0
臺南市,1998,DPP,KMT,0,1,2,1,0
臺南市,1999,DPP,KMT,0,1,3,1,0
臺南市,2000,DPP,DPP,1,1,4,1,0
臺南市,2001,DPP,DPP,1,0,5,1,0
臺南市,2002,DPP,DPP,1,0,6,1,0
臺南市,2003,DPP,DPP,1,0,7,1,0
臺南市,2004,DPP,DPP,1,0,8,1,0
臺南市,2005,DPP,DPP,1,0,9,1,0
臺南市,2006,DPP,DPP,1,0,10,1,0
臺南市,2007,DPP,DPP,1,0,11,1,0
臺南市,2008,DPP,KMT,0,0,12,1,0
臺南市,2009,DPP,KMT,0,0,13,1,0
臺南市,2010,DPP,KMT,0,0,14,1,0
臺南市,2011,DPP,KMT,0,0,15,1,0
臺南市,2012,DPP,KMT,0,0,16,1,0
臺南市,2013,DPP,KMT,0,0,17,1,0
臺南市,2014,DPP,KMT,0,0,18,1,0
臺南市,2015,DPP,KMT,0,0,19,1,0
臺南市,2016,DPP,DPP,1,0,20,1,0
臺南市,2017,DPP,DPP,1,0,21,1,0
臺南市,2018,DPP,DPP,1,0,22,1,0
臺南市,2019,DPP,DPP,1,0,23,1,0
臺南市,2020,DPP,DPP,1,0,24,1,0
臺南市,2021,DPP,DPP,1,0,25,1,0
臺南市,2022,DPP,DPP,1,0,26,1,0
臺南市,2023,DPP,DPP,1,0,27,1,0
臺南市,2024,DPP,DPP,1,0,28,1,0
臺東縣,1990,KMT,KMT,1,0,1,0,1
臺東縣,1991,KMT,KMT,1,0,2,0,1
臺東縣,1992,KMT,KMT,1,0,3,0,1
臺東縣,1993,KMT,KMT,1,0,4,0,1
臺東縣,1994,KMT,KMT,1,0,5,0,1
臺東縣,1995,KMT,KMT,1,0,6,0,1
臺東縣,1996,KMT,KMT,1,0,7,0,1
臺東縣,1997,KMT,KMT,1,0,8,0,1
臺東縣,1998,KMT,KMT,1,0,9,0,1
臺東縣,1999,KMT,KMT,1,0,10,0,1
臺東縣,2000,KMT,DPP,0,0,11,0,1
臺東縣,2001,PFP,DPP,0,1,1,0,0
臺東縣,2002,PFP,DPP,0,1,2,0,0
臺東縣,2003,PFP,DPP,0,1,3,0,0
臺東縣,2004,PFP,DPP,0,1,4,0,0
臺東縣,2005,IND,DPP,0,1,1,0,0
臺東縣,2006,IND,DPP,0,1,2,0,0
臺東縣,2007,IND,DPP,0,1,3,0,0
臺東縣,2008,IND,KMT,0,1,4,0,0
臺東縣,2009,KMT,KMT,1,1,1,0,1
臺東縣,2010,KMT,KMT,1,1,2,0,1
臺東縣,2011,KMT,KMT,1,1,3,0,1
臺東縣,2012,KMT,KMT,1,1,4,0,1
臺東縣,2013,KMT,KMT,1,0,5,0,1
臺東縣,2014,KMT,KMT,1,0,6,0,1
臺東縣,2015,KMT,KMT,1,0,7,0,1
臺東縣,2016,KMT,DPP,0,0,8,0,1
臺東縣,2017,KMT,DPP,0,0,9,0,1
臺東縣,2018,KMT,DPP,0,0,10,0,1
臺東縣,2019,KMT,DPP,0,0,11,0,1
臺東縣,2020,KMT,DPP,0,0,12,0,1
臺東縣,2021,KMT,DPP,0,0,13,0,1
臺東縣,2022,KMT,DPP,0,0,14,0,1
臺東縣,2023,KMT,DPP,0,0,15,0,1
臺東縣,2024,KMT,DPP,0,0,16,0,1
花蓮縣,1990,KMT,KMT,1,0,1,0,1
花蓮縣,1991,KMT,KMT,1,0,2,0,1
花蓮縣,1992,KMT,KMT,1,0,3,0,1
花蓮縣,1993,KMT,KMT,1,0,4,0,1
花蓮縣,1994,KMT,KMT,1,0,5,0,1
花蓮縣,1995,KMT,KMT,1,0,6,0,1
花蓮縣,1996,KMT,KMT,1,0,7,0,1
花蓮縣,1997,KMT,KMT,1,0,8,0,1
花蓮縣,1998,KMT,KMT,1,0,9,0,1
花蓮縣,1999,KMT,KMT,1,0,10,0,1
花蓮縣,2000,KMT,DPP,0,0,11,0,1
花蓮縣,2001,KMT,DPP,0,0,12,0,1
花蓮縣,2002,KMT,DPP,0,0,13,0,1
花蓮縣,2003,KMT,DPP,0,0,14,0,1
花蓮縣,2004,KMT,DPP,0,0,15,0,1
花蓮縣,2005,KMT,DPP,0,0,16,0,1
花蓮縣,2006,KMT,DPP,0,0,17,0,1
花蓮縣,2007,KMT,DPP,0,0,18,0,1
花蓮縣,2008,KMT,KMT,1,0,19,0,1
花蓮縣,2009,KMT,KMT,1,0,20,0,1
花蓮縣,2010,KMT,KMT,1,0,21,0,1
花蓮縣,2011,KMT,KMT,1,0,22,0,1
花蓮縣,2012,KMT,KMT,1,0,23,0,1
花蓮縣,2013,KMT,KMT,1,0,24,0,1
花蓮縣,2014,KMT,KMT,1,0,25,0,1
花蓮縣,2015,KMT,KMT,1,0,26,0,1
花蓮縣,2016,KMT,DPP,0,0,27,0,1
花蓮縣,2017,KMT,DPP,0,0,28,0,1
花蓮縣,2018,KMT,DPP,0,0,29,0,1
花蓮縣,2019,KMT,DPP,0,0,30,0,1
花蓮縣,2020,KMT,DPP,0,0,31,0,1
花蓮縣,2021,KMT,DPP,0,0,32,0,1
花蓮縣,2022,KMT,DPP,0,0,33,0,1
花蓮縣,2023,KMT,DPP,0,0,34,0,1
花蓮縣,2024,KMT,DPP,0,0,35,0,1
苗栗縣,1990,KMT,KMT,1,0,1,0,1
苗栗縣,1991,KMT,KMT,1,0,2,0,1
苗栗縣,1992,KMT,KMT,1,0,3,0,1
苗栗縣,1993,KMT,KMT,1,0,4,0,1
苗栗縣,1994,KMT,KMT,1,0,5,0,1
苗栗縣,1995,KMT,KMT,1,0,6,0,1
苗栗縣,1996,KMT,KMT,1,0,7,0,1
苗栗縣,1997,IND,KMT,0,1,1,0,0
苗栗縣,1998,IND,KMT,0,1,2,0,0
苗栗縣,1999,IND,KMT,0,1,3,0,0
苗栗縣,2000,IND,DPP,0,1,4,0,0
苗栗縣,2001,IND,DPP,0,0,5,0,0
苗栗縣,2002,IND,DPP,0,0,6,0,0
苗栗縣,2003,IND,DPP,0,0,7,0,0
苗栗縣,2004,IND,DPP,0,0,8,0,0
苗栗縣,2005,KMT,DPP,0,1,1,0,1
苗栗縣,2006,KMT,DPP,0,1,2,0,1
苗栗縣,2007,KMT,DPP,0,1,3,0,1
苗栗縣,2008,KMT,KMT,1,1,4,0,1
苗栗縣,2009,KMT,KMT,1,0,5,0,1
苗栗縣,2010,KMT,KMT,1,0,6,0,1
苗栗縣,2011,KMT,KMT,1,0,7,0,1
苗栗縣,2012,KMT,KMT,1,0,8,0,1
苗栗縣,2013,KMT,KMT,1,0,9,0,1
苗栗縣,2014,KMT,KMT,1,0,10,0,1
苗栗縣,2015,KMT,KMT,1,0,11,0,1
苗栗縣,2016,KMT,DPP,0,0,12,0,1
苗栗縣,2017,KMT,DPP,0,0,13,0,1
苗栗縣,2018,KMT,DPP,0,0,14,0,1
苗栗縣,2019,KMT,DPP,0,0,15,0,1
苗栗縣,2020,KMT,DPP,0,0,16,0,1
苗栗縣,2021,KMT,DPP,0,0,17,0,1
苗栗縣,2022,IND,DPP,0,1,1,0,0
苗栗縣,2023,IND,DPP,0,1,2,0,0
苗栗縣,2024,IND,DPP,0,1,3,0,0
雲林縣,1990,KMT,KMT,1,0,1,0,1
雲林縣,1991,KMT,KMT,1,0,2,0,1
雲林縣,1992,KMT,KMT,1,0,3,0,1
雲林縣,1993,KMT,KMT,1,0,4,0,1
雲林縣,1994,KMT,KMT,1,0,5,0,1
雲林縣,1995,KMT,KMT,1,0,6,0,1
雲林縣,1996,KMT,KMT,1,0,7,0,1
雲林縣,1997,KMT,KMT,1,0,8,0,1
雲林縣,1998,KMT,KMT,1,0,9,0,1
雲林縣,1999,KMT,KMT,1,0,10,0,1
雲林縣,2000,KMT,DPP,0,0,11,0,1
雲林縣,2001,IND,DPP,0,1,1,0,0
雲林縣,2002,IND,DPP,0,1,2,0,0
雲林縣,2003,IND,DPP,0,1,3,0,0
雲林縣,2004,IND,DPP,0,1,4,0,0
雲林縣,2005,DPP,DPP,1,1,1,1,0
雲林縣,2006,DPP,DPP,1,1,2,1,0
雲林縣,2007,DPP,DPP,1,1,3,1,0
雲林縣,2008,DPP,KMT,0,1,4,1,0
雲林縣,2009,DPP,KMT,0,0,5,1,0
雲林縣,2010,DPP,KMT,0,0,6,1,0
雲林縣,2011,DPP,KMT,0,0,7,1,0
雲林縣,2012,DPP,KMT,0,0,8,1,0
雲林縣,2013,DPP,KMT,0,0,9,1,0
雲林縣,2014,DPP,KMT,0,0,10,1,0
雲林縣,2015,DPP,KMT,0,0,11,1,0
雲林縣,2016,DPP,DPP,1,0,12,1,0
雲林縣,2017,DPP,DPP,1,0,13,1,0
雲林縣,2018,KMT,DPP,0,1,1,0,1
雲林縣,2019,KMT,DPP,0,1,2,0,1
雲林縣,2020,KMT,DPP,0,1,3,0,1
雲林縣,2021,KMT,DPP,0,1,4,0,1
雲林縣,2022,KMT,DPP,0,0,5,0,1
雲林縣,2023,KMT,DPP,0,0,6,0,1
雲林縣,2024,KMT,DPP,0,0,7,0,1
高雄市,1994,KMT,KMT,1,0,1,0,1
高雄市,1995,KMT,KMT,1,0,2,0,1
高雄市,1996,KMT,KMT,1,0,3,0,1
高雄市,1997,KMT,KMT,1,0,4,0,1
高雄市,1998,DPP,KMT,0,1,1,1,0
高雄市,1999,DPP,KMT,0,1,2,1,0
高雄市,2000,DPP,DPP,1,1,3,1,0
高雄市,2001,DPP,DPP,1,1,4,1,0
高雄市,2002,DPP,DPP,1,0,5,1,0
高雄市,2003,DPP,DPP,1,0,6,1,0
高雄市,2004,DPP,DPP,1,0,7,1,0
高雄市,2005,DPP,DPP,1,0,8,1,0
高雄市,2006,DPP,DPP,1,0,9,1,0
高雄市,2007,DPP,DPP,1,0,10,1,0
高雄市,2008,DPP,KMT,0,0,11,1,0
高雄市,2009,DPP,KMT,0,0,12,1,0
高雄市,2010,DPP,KMT,0,0,13,1,0
高雄市,2011,DPP,KMT,0,0,14,1,0
高雄市,2012,DPP,KMT,0,0,15,1,0
高雄市,2013,DPP,KMT,0,0,16,1,0
高雄市,2014,DPP,KMT,0,0,17,1,0
高雄市,2015,DPP,KMT,0,0,18,1,0
高雄市,2016,DPP,DPP,1,0,19,1,0
高雄市,2017,DPP,DPP,1,0,20,1,0
高雄市,2018,KMT,DPP,0,1,1,0,1
高雄市,2019,KMT,DPP,0,1,2,0,1
高雄市,2020,KMT,DPP,0,1,3,0,1
高雄市,2021,KMT,DPP,0,1,4,0,1
高雄市,2022,DPP,DPP,1,1,1,1,0
高雄市,2023,DPP,DPP,1,1,2,1,0
高雄市,2024,DPP,DPP,1,1,3,1,0
