縣市,年度,可支配所得,臺灣地區可支配所得,對數成長率,全國對數成長率,相對成長率,相對成長率百分點,縣市首長黨籍,縣市首長黨籍代碼
南投縣,1999,858800,889053,0.1685302763784886,0.01802085734396286,0.15050941903452575,15.050941903452575,中國國民黨,KMT
南投縣,2000,729438,891445,-0.16326169137260216,0.002686890340863002,-0.16594858171346516,-16.594858171346516,中國國民黨,KMT
南投縣,2001,694028,868651,-0.04976206911776515,-0.025902308074623903,-0.023859761043141248,-2.3859761043141248,中國國民黨,KMT
南投縣,2002,683359,875919,-0.015491961779702024,0.008332187356849374,-0.023824149136551398,-2.38241491365514,中國國民黨,KMT
南投縣,2003,681544,881662,-0.002659531219151745,0.00653514169686531,-0.009194672916017055,-0.9194672916017055,中國國民黨,KMT
南投縣,2004,738359,891249,0.08006934367118568,0.010815087103630106,0.06925425656755557,6.925425656755557,中國國民黨,KMT
南投縣,2005,748483,894574,0.01361833532432044,0.003723777599661915,0.009894557724658526,0.9894557724658526,中國國民黨,KMT
南投縣,2006,815573,913092,0.0858424421784516,0.020489014913620096,0.06535342726483151,6.535342726483151,中國國民黨,KMT
南投縣,2007,722209,923874,-0.12157636300175056,0.011739056485431831,-0.1333154194871824,-13.33154194871824,中國國民黨,KMT
南投縣,2008,708936,913687,-0.018549316212959965,-0.011087636668321466,-0.0074616795446385,-0.74616795446385,中國國民黨,KMT
南投縣,2009,808713,887605,0.13167884068031022,-0.028961237827966002,0.16064007850827622,16.064007850827622,中國國民黨,KMT
南投縣,2010,782905,889353,-0.032432734749800574,0.001967407855257619,-0.03440014260505819,-3.4400142605058193,中國國民黨,KMT
南投縣,2011,729037,907988,-0.07128687522630628,0.02073693058900794,-0.09202380581531422,-9.202380581531422,中國國民黨,KMT
南投縣,2012,831790,923584,0.13185551993698752,0.01703059115868122,0.1148249287783063,11.48249287783063,中國國民黨,KMT
南投縣,2013,748930,942208,-0.10493448391001436,0.01996430318257225,-0.12489878709258662,-12.489878709258662,中國國民黨,KMT
南投縣,2014,782566,956849,0.0439327426995586,0.015419537263454686,0.028513205436103917,2.8513205436103917,中國國民黨,KMT
南投縣,2015,738754,964895,-0.05761328064813043,0.008373692869138694,-0.06598697351726912,-6.598697351726912,中國國民黨,KMT
南投縣,2016,775270,993115,0.048246372520170056,0.02882718088557823,0.019419191634591826,1.9419191634591826,中國國民黨,KMT
南投縣,2017,758388,1018941,-0.022016227746606276,0.0256726636302389,-0.04768889137684518,-4.768889137684518,中國國民黨,KMT
南投縣,2018,817442,1036304,0.07498482421142505,0.0168966844242604,0.05808813978716465,5.808813978716465,中國國民黨,KMT
南投縣,2019,794051,1059731,-0.02903226131984482,0.022354565246384794,-0.051386826566229615,-5.1386826566229615,中國國民黨,KMT
南投縣,2020,845536,1079648,0.0628230548658042,0.01861995975169961,0.044203095114104585,4.4203095114104585,中國國民黨,KMT
南投縣,2021,836060,1090554,-0.011270364943943179,0.010050761918202866,-0.021321126862146045,-2.1321126862146045,中國國民黨,KMT
南投縣,2022,878953,1108569,0.05003104555924587,0.01638417041275808,0.03364687514648779,3.3646875146487787,中國國民黨,KMT
南投縣,2023,918211,1136708,0.043695785300647216,0.025066371186772685,0.01862941411387453,1.8629414113874532,中國國民黨,KMT
南投縣,2024,892163,1165206,-0.028778360392221813,0.024761529817933337,-0.05353989021015515,-5.353989021015515,中國國民黨,KMT
嘉義市,1999,796358,889053,-0.09242037146561799,0.01802085734396286,-0.11044122880958085,-11.044122880958085,無黨籍,IND
嘉義市,2000,808703,891445,0.015382896270921265,0.002686890340863002,0.012696005930058263,1.2696005930058263,無黨籍,IND
嘉義市,2001,785582,868651,-0.029006885398233706,-0.025902308074623903,-0.003104577323609803,-0.3104577323609803,無黨籍,IND
嘉義市,2002,845388,875919,0.07337084921365111,0.008332187356849374,0.06503866185680174,6.503866185680174,中國國民黨,KMT
嘉義市,2003,772203,881662,-0.09054822474131363,0.00653514169686531,-0.09708336643817894,-9.708336643817894,中國國民黨,KMT
嘉義市,2004,694118,891249,-0.10660549395448804,0.010815087103630106,-0.11742058105811815,-11.742058105811815,中國國民黨,KMT
嘉義市,2005,812886,894574,0.15794890344166923,0.003723777599661915,0.15422512584200732,15.422512584200732,中國國民黨,KMT
嘉義市,2006,800693,913092,-0.015113275623725997,0.020489014913620096,-0.03560229053734609,-3.5602290537346093,中國國民黨,KMT
嘉義市,2007,730039,923874,-0.09237964531700626,0.011739056485431831,-0.1041187018024381,-10.41187018024381,中國國民黨,KMT
嘉義市,2008,741393,913687,0.015432891702156226,-0.011087636668321466,0.026520528370477692,2.652052837047769,中國國民黨,KMT
嘉義市,2009,686637,887605,-0.07672508077637374,-0.028961237827966002,-0.04776384294840774,-4.776384294840774,中國國民黨,KMT
嘉義市,2010,698454,889353,0.017063552825309358,0.001967407855257619,0.01509614497005174,1.509614497005174,中國國民黨,KMT
嘉義市,2011,768315,907988,0.09533048418257373,0.02073693058900794,0.07459355359356579,7.459355359356579,中國國民黨,KMT
嘉義市,2012,910601,923584,0.16990501577051553,0.01703059115868122,0.15287442461183431,15.287442461183431,中國國民黨,KMT
嘉義市,2013,1026305,942208,0.11961543143251951,0.01996430318257225,0.09965112824994726,9.965112824994726,中國國民黨,KMT
嘉義市,2014,958377,956849,-0.06847902376695458,0.015419537263454686,-0.08389856103040927,-8.389856103040927,中國國民黨,KMT
嘉義市,2015,917788,964895,-0.04327480161136421,0.008373692869138694,-0.051648494480502904,-5.1648494480502904,民主進步黨,DPP
嘉義市,2016,962456,993115,0.04752192369998909,0.02882718088557823,0.01869474281441086,1.8694742814410859,民主進步黨,DPP
嘉義市,2017,915716,1018941,-0.049782077898761656,0.0256726636302389,-0.07545474152900056,-7.545474152900056,民主進步黨,DPP
嘉義市,2018,967662,1036304,0.0551765798150452,0.0168966844242604,0.0382798953907848,3.82798953907848,民主進步黨,DPP
嘉義市,2019,1019459,1059731,0.05214452066620012,0.022354565246384794,0.029789955419815328,2.978995541981533,中國國民黨,KMT
嘉義市,2020,1045590,1079648,0.025309224963736554,0.01861995975169961,0.006689265212036943,0.6689265212036943,中國國民黨,KMT
嘉義市,2021,1015672,1090554,-0.02903085700707919,0.010050761918202866,-0.03908161892528206,-3.908161892528206,中國國民黨,KMT
嘉義市,2022,1077735,1108569,0.05931115427547162,0.01638417041275808,0.04292698386271354,4.292698386271354,中國國民黨,KMT
嘉義市,2023,1128593,1136708,0.04611010749527367,0.025066371186772685,0.021043736308500982,2.104373630850098,中國國民黨,KMT
嘉義市,2024,1213216,1165206,0.07230296084872734,0.024761529817933337,0.047541431030794,4.7541431030794,中國國民黨,KMT
嘉義縣,1999,628540,889053,0.07867989429613509,0.01802085734396286,0.06065903695217223,6.065903695217223,中國國民黨,KMT
嘉義縣,2000,725986,891445,0.14413106129130782,0.002686890340863002,0.14144417095044481,14.144417095044481,中國國民黨,KMT
嘉義縣,2001,660383,868651,-0.0947107611522231,-0.025902308074623903,-0.0688084530775992,-6.88084530775992,中國國民黨,KMT
嘉義縣,2002,611036,875919,-0.0776640925005907,0.008332187356849374,-0.08599627985744007,-8.599627985744007,民主進步黨,DPP
嘉義縣,2003,615943,881662,0.007998549545103373,0.00653514169686531,0.001463407848238063,0.1463407848238063,民主進步黨,DPP
嘉義縣,2004,661697,891249,0.07165332044650441,0.010815087103630106,0.060838233342874304,6.08382333428743,民主進步黨,DPP
嘉義縣,2005,679081,894574,0.02593266629079949,0.003723777599661915,0.022208888691137574,2.2208888691137574,民主進步黨,DPP
嘉義縣,2006,697288,913092,0.026458111321362665,0.020489014913620096,0.005969096407742569,0.5969096407742569,民主進步黨,DPP
嘉義縣,2007,638887,923874,-0.08747092491419473,0.011739056485431831,-0.09920998139962656,-9.920998139962656,民主進步黨,DPP
嘉義縣,2008,655130,913687,0.025106089295411138,-0.011087636668321466,0.036193725963732604,3.6193725963732604,民主進步黨,DPP
嘉義縣,2009,629952,887605,-0.039190063217732884,-0.028961237827966002,-0.010228825389766882,-1.0228825389766882,民主進步黨,DPP
嘉義縣,2010,658489,889353,0.044304190405327404,0.001967407855257619,0.042336782550069785,4.2336782550069785,民主進步黨,DPP
嘉義縣,2011,687869,907988,0.0436505964148175,0.02073693058900794,0.02291366582580956,2.291366582580956,民主進步黨,DPP
嘉義縣,2012,747956,923584,0.08374573988800371,0.01703059115868122,0.0667151487293225,6.671514872932249,民主進步黨,DPP
嘉義縣,2013,727426,942208,-0.027831877055952248,0.01996430318257225,-0.0477961802385245,-4.77961802385245,民主進步黨,DPP
嘉義縣,2014,667933,956849,-0.08532440655381457,0.015419537263454686,-0.10074394381726925,-10.074394381726925,民主進步黨,DPP
嘉義縣,2015,751058,964895,0.11729501003641829,0.008373692869138694,0.1089213171672796,10.89213171672796,民主進步黨,DPP
嘉義縣,2016,768510,993115,0.022970696114189337,0.02882718088557823,-0.005856484771388892,-0.5856484771388892,民主進步黨,DPP
嘉義縣,2017,769976,1018941,0.0019057702750675531,0.0256726636302389,-0.023766893355171348,-2.376689335517135,民主進步黨,DPP
嘉義縣,2018,808597,1036304,0.048941301552735794,0.0168966844242604,0.032044617128475394,3.2044617128475394,民主進步黨,DPP
嘉義縣,2019,734827,1059731,-0.09566554972520436,0.022354565246384794,-0.11802011497158915,-11.802011497158915,民主進步黨,DPP
嘉義縣,2020,781236,1079648,0.06124218353171251,0.01861995975169961,0.0426222237800129,4.26222237800129,民主進步黨,DPP
嘉義縣,2021,791988,1090554,0.013668959294442118,0.010050761918202866,0.0036181973762392516,0.36181973762392516,民主進步黨,DPP
嘉義縣,2022,764224,1108569,-0.03568530027356864,0.01638417041275808,-0.052069470686326724,-5.206947068632672,民主進步黨,DPP
嘉義縣,2023,802683,1136708,0.04909892647985714,0.025066371186772685,0.024032555293084457,2.4032555293084457,民主進步黨,DPP
嘉義縣,2024,836911,1165206,0.041757866306445734,0.024761529817933337,0.016996336488512398,1.6996336488512398,民主進步黨,DPP
基隆市,1999,868974,889053,0.07724389742299032,0.01802085734396286,0.059223040079027456,5.922304007902746,中國國民黨,KMT
基隆市,2000,863374,891445,-0.006465236206947722,0.002686890340863002,-0.009152126547810724,-0.9152126547810724,中國國民黨,KMT
基隆市,2001,775698,868651,-0.10708469998606596,-0.025902308074623903,-0.08118239191144205,-8.118239191144205,中國國民黨,KMT
基隆市,2002,722155,875919,-0.07152347188463537,0.008332187356849374,-0.07985565924148474,-7.985565924148474,中國國民黨,KMT
基隆市,2003,726013,881662,0.005328123708061128,0.00653514169686531,-0.001207017988804182,-0.12070179888041821,中國國民黨,KMT
基隆市,2004,868343,891249,0.1790188768944443,0.010815087103630106,0.16820378979081418,16.82037897908142,中國國民黨,KMT
基隆市,2005,875160,894574,0.007819928889130523,0.003723777599661915,0.004096151289468608,0.4096151289468608,中國國民黨,KMT
基隆市,2006,782453,913092,-0.11197287007150614,0.020489014913620096,-0.13246188498512623,-13.246188498512623,中國國民黨,KMT
基隆市,2007,851508,923874,0.0845750385309394,0.011739056485431831,0.07283598204550756,7.283598204550756,中國國民黨,KMT
基隆市,2008,816692,913687,-0.04174686044587261,-0.011087636668321466,-0.030659223777551148,-3.065922377755115,中國國民黨,KMT
基隆市,2009,863161,887605,0.0553391974026507,-0.028961237827966002,0.0843004352306167,8.43004352306167,中國國民黨,KMT
基隆市,2010,860445,889353,-0.00315153491921194,0.001967407855257619,-0.005118942774469559,-0.5118942774469559,中國國民黨,KMT
基隆市,2011,845677,907988,-0.01731220726813909,0.02073693058900794,-0.03804913785714703,-3.804913785714703,中國國民黨,KMT
基隆市,2012,786441,923584,-0.07261978622170062,0.01703059115868122,-0.08965037738038184,-8.965037738038184,中國國民黨,KMT
基隆市,2013,841832,942208,0.068062765602658,0.01996430318257225,0.04809846242008575,4.809846242008575,中國國民黨,KMT
基隆市,2014,804007,956849,-0.04597249378523394,0.015419537263454686,-0.06139203104868862,-6.139203104868862,中國國民黨,KMT
基隆市,2015,896581,964895,0.10898066472144663,0.008373692869138694,0.10060697185230794,10.060697185230794,民主進步黨,DPP
基隆市,2016,902459,993115,0.006534619482037485,0.02882718088557823,-0.022292561403540745,-2.2292561403540745,民主進步黨,DPP
基隆市,2017,924561,1018941,0.024195770449960463,0.0256726636302389,-0.001476893180278438,-0.1476893180278438,民主進步黨,DPP
基隆市,2018,896746,1036304,-0.03054637441172048,0.0168966844242604,-0.04744305883598088,-4.744305883598088,民主進步黨,DPP
基隆市,2019,957069,1059731,0.06510283331687994,0.022354565246384794,0.04274826807049514,4.274826807049514,民主進步黨,DPP
基隆市,2020,946221,1079648,-0.011399332177251864,0.01861995975169961,-0.030019291928951475,-3.0019291928951475,民主進步黨,DPP
基隆市,2021,934080,1090554,-0.012914069324327926,0.010050761918202866,-0.022964831242530792,-2.296483124253079,民主進步黨,DPP
基隆市,2022,917655,1108569,-0.017740584675628668,0.01638417041275808,-0.03412475508838675,-3.412475508838675,民主進步黨,DPP
基隆市,2023,954117,1136708,0.03896480244774381,0.025066371186772685,0.013898431260971122,1.3898431260971122,中國國民黨,KMT
基隆市,2024,919226,1165206,-0.03725429383772472,0.024761529817933337,-0.06201582365565805,-6.201582365565805,中國國民黨,KMT
宜蘭縣,1999,826697,889053,0.0536620762863258,0.01802085734396286,0.03564121894236294,3.564121894236294,民主進步黨,DPP
宜蘭縣,2000,805088,891445,-0.026486655152007543,0.002686890340863002,-0.029173545492870545,-2.9173545492870545,民主進步黨,DPP
宜蘭縣,2001,725890,868651,-0.10355310002040596,-0.025902308074623903,-0.07765079194578206,-7.765079194578206,民主進步黨,DPP
宜蘭縣,2002,695577,875919,-0.04265677124010381,0.008332187356849374,-0.05098895859695318,-5.098895859695318,民主進步黨,DPP
宜蘭縣,2003,779157,881662,0.11347084904706328,0.00653514169686531,0.10693570735019797,10.693570735019797,民主進步黨,DPP
宜蘭縣,2004,729324,891249,-0.06609448828373488,0.010815087103630106,-0.07690957538736498,-7.690957538736498,民主進步黨,DPP
宜蘭縣,2005,822477,894574,0.12020244100577848,0.003723777599661915,0.11647866340611657,11.647866340611657,民主進步黨,DPP
宜蘭縣,2006,767861,913092,-0.06871179153895568,0.020489014913620096,-0.08920080645257578,-8.920080645257578,中國國民黨,KMT
宜蘭縣,2007,750870,923874,-0.02237619293354598,0.011739056485431831,-0.03411524941897781,-3.411524941897781,中國國民黨,KMT
宜蘭縣,2008,847932,913687,0.12156790964717246,-0.011087636668321466,0.13265554631549392,13.265554631549392,中國國民黨,KMT
宜蘭縣,2009,746261,887605,-0.12772503893069143,-0.028961237827966002,-0.09876380110272542,-9.876380110272542,中國國民黨,KMT
宜蘭縣,2010,802483,889353,0.07263526601248493,0.001967407855257619,0.07066785815722731,7.0667858157227315,民主進步黨,DPP
宜蘭縣,2011,721410,907988,-0.10650304067067928,0.02073693058900794,-0.12723997125968722,-12.723997125968722,民主進步黨,DPP
宜蘭縣,2012,892727,923584,0.21307319274262326,0.01703059115868122,0.19604260158394204,19.604260158394204,民主進步黨,DPP
宜蘭縣,2013,813875,942208,-0.09247403149408662,0.01996430318257225,-0.11243833467665887,-11.243833467665887,民主進步黨,DPP
宜蘭縣,2014,902604,956849,0.1034771274679791,0.015419537263454686,0.08805759020452442,8.805759020452442,民主進步黨,DPP
宜蘭縣,2015,961095,964895,0.06278934041841921,0.008373692869138694,0.05441564754928052,5.441564754928052,民主進步黨,DPP
宜蘭縣,2016,906825,993115,-0.05812377171500316,0.02882718088557823,-0.08695095260058139,-8.695095260058139,民主進步黨,DPP
宜蘭縣,2017,901167,1018941,-0.006258897683656173,0.0256726636302389,-0.031931561313895074,-3.1931561313895074,民主進步黨,DPP
宜蘭縣,2018,906350,1036304,0.0057349548641632,0.0168966844242604,-0.0111617295600972,-1.11617295600972,民主進步黨,DPP
宜蘭縣,2019,921399,1059731,0.016467622287329675,0.022354565246384794,-0.005886942959055119,-0.5886942959055119,中國國民黨,KMT
宜蘭縣,2020,959374,1079648,0.040387821233483834,0.01861995975169961,0.021767861481784223,2.1767861481784223,中國國民黨,KMT
宜蘭縣,2021,949853,1090554,-0.009973752650239476,0.010050761918202866,-0.020024514568442342,-2.002451456844234,中國國民黨,KMT
宜蘭縣,2022,961225,1108569,0.011901276899802582,0.01638417041275808,-0.004482893512955499,-0.4482893512955499,中國國民黨,KMT
宜蘭縣,2023,940349,1136708,-0.02195742972561021,0.025066371186772685,-0.047023800912382896,-4.70238009123829,中國國民黨,KMT
宜蘭縣,2024,939611,1165206,-0.0007851231280557869,0.024761529817933337,-0.025546652945989123,-2.5546652945989123,中國國民黨,KMT
屏東縣,1999,718919,889053,-0.032205486541602824,0.01802085734396286,-0.05022634388556568,-5.022634388556568,民主進步黨,DPP
屏東縣,2000,767107,891445,0.06487760129311937,0.002686890340863002,0.06219071095225637,6.219071095225637,民主進步黨,DPP
屏東縣,2001,679721,868651,-0.12094387634179071,-0.025902308074623903,-0.09504156826716681,-9.504156826716681,民主進步黨,DPP
屏東縣,2002,782085,875919,0.14028101043169805,0.008332187356849374,0.13194882307484868,13.194882307484868,民主進步黨,DPP
屏東縣,2003,757714,881662,-0.03165742455413323,0.00653514169686531,-0.03819256625099854,-3.819256625099854,民主進步黨,DPP
屏東縣,2004,703809,891249,-0.07379899320689987,0.010815087103630106,-0.08461408031052997,-8.461408031052997,民主進步黨,DPP
屏東縣,2005,741094,894574,0.051620460321627704,0.003723777599661915,0.04789668272196579,4.789668272196579,民主進步黨,DPP
屏東縣,2006,747713,913092,0.008891741655988383,0.020489014913620096,-0.011597273257631713,-1.1597273257631713,民主進步黨,DPP
屏東縣,2007,796114,923874,0.06272317716321751,0.011739056485431831,0.05098412067778568,5.098412067778568,民主進步黨,DPP
屏東縣,2008,701111,913687,-0.12707617194991983,-0.011087636668321466,-0.11598853528159836,-11.598853528159836,民主進步黨,DPP
屏東縣,2009,727434,887605,0.03685705356028457,-0.028961237827966002,0.06581829138825057,6.581829138825057,民主進步黨,DPP
屏東縣,2010,704748,889353,-0.03168298117628687,0.001967407855257619,-0.03365038903154449,-3.365038903154449,民主進步黨,DPP
屏東縣,2011,710173,907988,0.007668310222015862,0.02073693058900794,-0.013068620366992079,-1.3068620366992079,民主進步黨,DPP
屏東縣,2012,736174,923584,0.035957901504760414,0.01703059115868122,0.018927310346079196,1.8927310346079196,民主進步黨,DPP
屏東縣,2013,722101,942208,-0.019301485525273776,0.01996430318257225,-0.03926578870784603,-3.9265788707846028,民主進步黨,DPP
屏東縣,2014,699548,956849,-0.0317306061114877,0.015419537263454686,-0.04715014337494239,-4.715014337494239,民主進步黨,DPP
屏東縣,2015,735650,964895,0.05032004994952288,0.008373692869138694,0.04194635708038419,4.194635708038419,民主進步黨,DPP
屏東縣,2016,761571,993115,0.0346289428771307,0.02882718088557823,0.005801761991552468,0.5801761991552468,民主進步黨,DPP
屏東縣,2017,801448,1018941,0.05103668657074145,0.0256726636302389,0.02536402294050255,2.536402294050255,民主進步黨,DPP
屏東縣,2018,834508,1036304,0.040422238042898684,0.0168966844242604,0.023525553618638284,2.3525553618638284,民主進步黨,DPP
屏東縣,2019,816584,1059731,-0.02171254437740444,0.022354565246384794,-0.044067109623789236,-4.406710962378924,民主進步黨,DPP
屏東縣,2020,891979,1079648,0.08831280444465861,0.01861995975169961,0.069692844692959,6.9692844692959,民主進步黨,DPP
屏東縣,2021,875841,1090554,-0.018258022089266746,0.010050761918202866,-0.028308784007469612,-2.830878400746961,民主進步黨,DPP
屏東縣,2022,909670,1108569,0.03789732876671437,0.01638417041275808,0.021513158353956285,2.1513158353956285,民主進步黨,DPP
屏東縣,2023,909690,1136708,2.1985753232200977e-05,0.025066371186772685,-0.025044385433540484,-2.5044385433540484,民主進步黨,DPP
屏東縣,2024,907896,1165206,-0.0019740475362155507,0.024761529817933337,-0.026735577354148887,-2.6735577354148887,民主進步黨,DPP
彰化縣,1999,755213,889053,-0.06276236256364953,0.01802085734396286,-0.08078321990761239,-8.07832199076124,中國國民黨,KMT
彰化縣,2000,757817,891445,0.003442103026419119,0.002686890340863002,0.000755212685556117,0.0755212685556117,中國國民黨,KMT
彰化縣,2001,706694,868651,-0.0698441741973923,-0.025902308074623903,-0.0439418661227684,-4.39418661227684,中國國民黨,KMT
彰化縣,2002,799305,875919,0.12314484259073843,0.008332187356849374,0.11481265523388906,11.481265523388906,民主進步黨,DPP
彰化縣,2003,816066,881662,0.02075263396029925,0.00653514169686531,0.01421749226343394,1.421749226343394,民主進步黨,DPP
彰化縣,2004,803292,891249,-0.015776949835528242,0.010815087103630106,-0.026592036939158348,-2.6592036939158348,民主進步黨,DPP
彰化縣,2005,765433,894574,-0.0482765974372672,0.003723777599661915,-0.052000375036929114,-5.200037503692911,民主進步黨,DPP
彰化縣,2006,815377,913092,0.06320889619891368,0.020489014913620096,0.04271988128529358,4.271988128529358,中國國民黨,KMT
彰化縣,2007,776371,923874,-0.049020084255582574,0.011739056485431831,-0.060759140741014406,-6.075914074101441,中國國民黨,KMT
彰化縣,2008,760545,913687,-0.020595217170370717,-0.011087636668321466,-0.009507580502049251,-0.9507580502049251,中國國民黨,KMT
彰化縣,2009,750697,887605,-0.013033173245588614,-0.028961237827966002,0.015928064582377388,1.5928064582377388,中國國民黨,KMT
彰化縣,2010,741050,889353,-0.012934008897898863,0.001967407855257619,-0.014901416753156482,-1.4901416753156482,中國國民黨,KMT
彰化縣,2011,772072,907988,0.04100971052171687,0.02073693058900794,0.02027277993270893,2.027277993270893,中國國民黨,KMT
彰化縣,2012,792362,923584,0.025940548171858424,0.01703059115868122,0.008909957013177205,0.8909957013177205,中國國民黨,KMT
彰化縣,2013,789742,942208,-0.003312048253519606,0.01996430318257225,-0.023276351436091858,-2.3276351436091858,中國國民黨,KMT
彰化縣,2014,783460,956849,-0.007986302317604554,0.015419537263454686,-0.02340583958105924,-2.340583958105924,中國國民黨,KMT
彰化縣,2015,775465,964895,-0.010257158100060337,0.008373692869138694,-0.01863085096919903,-1.863085096919903,民主進步黨,DPP
彰化縣,2016,838103,993115,0.07767815519825483,0.02882718088557823,0.0488509743126766,4.88509743126766,民主進步黨,DPP
彰化縣,2017,816320,1018941,-0.02633456967012293,0.0256726636302389,-0.05200723330036183,-5.200723330036183,民主進步黨,DPP
彰化縣,2018,842573,1036304,0.03165387040371925,0.0168966844242604,0.014757185979458853,1.4757185979458853,民主進步黨,DPP
彰化縣,2019,863243,1059731,0.024235921989239628,0.022354565246384794,0.001881356742854834,0.1881356742854834,中國國民黨,KMT
彰化縣,2020,845399,1079648,-0.0208875220864293,0.01861995975169961,-0.03950748183812891,-3.950748183812891,中國國民黨,KMT
彰化縣,2021,906679,1090554,0.06997976821061336,0.010050761918202866,0.05992900629241049,5.992900629241049,中國國民黨,KMT
彰化縣,2022,924960,1108569,0.01996201986357704,0.01638417041275808,0.0035778494508189596,0.35778494508189596,中國國民黨,KMT
彰化縣,2023,967506,1136708,0.04497113310092793,0.025066371186772685,0.019904761914155245,1.9904761914155245,中國國民黨,KMT
彰化縣,2024,917893,1165206,-0.05264080034218921,0.024761529817933337,-0.07740233016012255,-7.7402330160122546,中國國民黨,KMT
新北市,1999,892692,889053,0.019159812612588922,0.01802085734396286,0.0011389552686260629,0.11389552686260629,民主進步黨,DPP
新北市,2000,882634,891445,-0.01133099792743053,0.002686890340863002,-0.014017888268293532,-1.4017888268293532,民主進步黨,DPP
新北市,2001,896186,868651,0.015237362076478078,-0.025902308074623903,0.04113967015110198,4.113967015110198,民主進步黨,DPP
新北市,2002,899975,875919,0.004219004443752894,0.008332187356849374,-0.00411318291309648,-0.41131829130964803,民主進步黨,DPP
新北市,2003,905166,881662,0.005751367133182583,0.00653514169686531,-0.0007837745636827265,-0.07837745636827265,民主進步黨,DPP
新北市,2004,918055,891249,0.014138949385911204,0.010815087103630106,0.003323862282281098,0.3323862282281098,民主進步黨,DPP
新北市,2005,934211,894574,0.01744502109942836,0.003723777599661915,0.013721243499766445,1.3721243499766445,民主進步黨,DPP
新北市,2006,930130,913092,-0.004377961454713031,0.020489014913620096,-0.024866976368333127,-2.4866976368333127,中國國民黨,KMT
新北市,2007,912968,923874,-0.018623530631865393,0.011739056485431831,-0.030362587117297224,-3.0362587117297224,中國國民黨,KMT
新北市,2008,972062,913687,0.06271875774176117,-0.011087636668321466,0.07380639441008263,7.380639441008263,中國國民黨,KMT
新北市,2009,922690,887605,-0.05212627166739914,-0.028961237827966002,-0.023165033839433136,-2.3165033839433136,中國國民黨,KMT
新北市,2010,893859,889353,-0.031745272153131054,0.001967407855257619,-0.033712680008388674,-3.3712680008388674,中國國民黨,KMT
新北市,2011,927075,907988,0.03648642382809797,0.02073693058900794,0.01574949323909003,1.5749493239090029,中國國民黨,KMT
新北市,2012,911915,923584,-0.01648768446560389,0.01703059115868122,-0.03351827562428511,-3.351827562428511,中國國民黨,KMT
新北市,2013,931239,942208,0.020969173567076282,0.01996430318257225,0.0010048703845040308,0.10048703845040308,中國國民黨,KMT
新北市,2014,947670,956849,0.017490382844421504,0.015419537263454686,0.002070845580966818,0.2070845580966818,中國國民黨,KMT
新北市,2015,959507,964895,0.012413270499640916,0.008373692869138694,0.004039577630502222,0.40395776305022224,中國國民黨,KMT
新北市,2016,1011072,993115,0.052346822214367705,0.02882718088557823,0.023519641328789476,2.3519641328789476,中國國民黨,KMT
新北市,2017,1046576,1018941,0.0345127291763756,0.0256726636302389,0.0088400655461367,0.88400655461367,中國國民黨,KMT
新北市,2018,1069349,1036304,0.021526168805516832,0.0168966844242604,0.004629484381256432,0.46294843812564324,中國國民黨,KMT
新北市,2019,1102332,1059731,0.030377883673672557,0.022354565246384794,0.008023318427287762,0.8023318427287762,中國國民黨,KMT
新北市,2020,1134884,1079648,0.029102507291820956,0.01861995975169961,0.010482547540121345,1.0482547540121345,中國國民黨,KMT
新北市,2021,1151270,1090554,0.014335237790614741,0.010050761918202866,0.004284475872411875,0.4284475872411875,中國國民黨,KMT
新北市,2022,1179777,1108569,0.024459756709417135,0.01638417041275808,0.008075586296659054,0.8075586296659054,中國國民黨,KMT
新北市,2023,1195910,1136708,0.013581964293653215,0.025066371186772685,-0.01148440689311947,-1.148440689311947,中國國民黨,KMT
新北市,2024,1219151,1165206,0.019247312993046606,0.024761529817933337,-0.005514216824886731,-0.5514216824886731,中國國民黨,KMT
新竹市,1999,1011061,889053,0.051708733817820374,0.01802085734396286,0.033687876473857514,3.3687876473857514,民主進步黨,DPP
新竹市,2000,1099335,891445,0.08370517701962932,0.002686890340863002,0.08101828667876632,8.101828667876632,民主進步黨,DPP
新竹市,2001,1101828,868651,0.002265167155691472,-0.025902308074623903,0.028167475230315375,2.8167475230315375,民主進步黨,DPP
新竹市,2002,1027437,875919,-0.06990326705431826,0.008332187356849374,-0.07823545441116764,-7.823545441116764,中國國民黨,KMT
新竹市,2003,1078255,881662,0.04827664203871507,0.00653514169686531,0.04174150034184976,4.174150034184976,中國國民黨,KMT
新竹市,2004,1217297,891249,0.12128883328124473,0.010815087103630106,0.11047374617761463,11.047374617761463,中國國民黨,KMT
新竹市,2005,1092427,894574,-0.10823100042669154,0.003723777599661915,-0.11195477802635345,-11.195477802635345,中國國民黨,KMT
新竹市,2006,1171277,913092,0.06969278006621593,0.020489014913620096,0.049203765152595835,4.9203765152595835,中國國民黨,KMT
新竹市,2007,1277464,923874,0.08678225606016632,0.011739056485431831,0.07504319957473449,7.504319957473449,中國國民黨,KMT
新竹市,2008,1187288,913687,-0.07320514798636779,-0.011087636668321466,-0.062117511318046326,-6.211751131804633,中國國民黨,KMT
新竹市,2009,1133833,887605,-0.04606778652627064,-0.028961237827966002,-0.017106548698304636,-1.7106548698304636,中國國民黨,KMT
新竹市,2010,1184598,889353,0.04379954837880895,0.001967407855257619,0.04183214052355133,4.183214052355133,中國國民黨,KMT
新竹市,2011,1152707,907988,-0.027290387220416434,0.02073693058900794,-0.048027317809424375,-4.8027317809424375,中國國民黨,KMT
新竹市,2012,1132620,923584,-0.01757955627871155,0.01703059115868122,-0.03461014743739277,-3.461014743739277,中國國民黨,KMT
新竹市,2013,1224310,942208,0.07784388697051092,0.01996430318257225,0.05787958378793867,5.787958378793867,中國國民黨,KMT
新竹市,2014,1245600,956849,0.017239921540580738,0.015419537263454686,0.0018203842771260526,0.18203842771260526,中國國民黨,KMT
新竹市,2015,1136385,964895,-0.09176517020448571,0.008373692869138694,-0.1001388630736244,-10.01388630736244,民主進步黨,DPP
新竹市,2016,1240355,993115,0.08754545763310517,0.02882718088557823,0.05871827674752694,5.871827674752694,民主進步黨,DPP
新竹市,2017,1283253,1018941,0.034000631303415574,0.0256726636302389,0.008327967673176673,0.8327967673176673,民主進步黨,DPP
新竹市,2018,1161766,1036304,-0.09945699905534156,0.0168966844242604,-0.11635368347960195,-11.635368347960195,民主進步黨,DPP
新竹市,2019,1277527,1059731,0.09498491668738929,0.022354565246384794,0.07263035144100449,7.263035144100449,民主進步黨,DPP
新竹市,2020,1294305,1079648,0.013047693649077985,0.01861995975169961,-0.005572266102621626,-0.5572266102621626,民主進步黨,DPP
新竹市,2021,1296693,1090554,0.0018433056885083232,0.010050761918202866,-0.008207456229694543,-0.8207456229694543,民主進步黨,DPP
新竹市,2022,1374113,1108569,0.05799125480945477,0.01638417041275808,0.04160708439669669,4.160708439669669,民主進步黨,DPP
新竹市,2023,1451037,1136708,0.054470041183574125,0.025066371186772685,0.02940366999680144,2.940366999680144,台灣民眾黨,TPP
新竹市,2024,1503646,1165206,0.03561435225045528,0.024761529817933337,0.010852822432521947,1.0852822432521947,台灣民眾黨,TPP
新竹縣,1999,968579,889053,0.06148365838044256,0.01802085734396286,0.043462801036479703,4.34628010364797,中國國民黨,KMT
新竹縣,2000,1021919,891445,0.05360746230490143,0.002686890340863002,0.05092057196403843,5.092057196403843,中國國民黨,KMT
新竹縣,2001,922675,868651,-0.10216045144204777,-0.025902308074623903,-0.07625814336742387,-7.625814336742387,中國國民黨,KMT
新竹縣,2002,949374,875919,0.02852576020435471,0.008332187356849374,0.020193572847505337,2.0193572847505337,中國國民黨,KMT
新竹縣,2003,930761,881662,-0.019800288915936548,0.00653514169686531,-0.026335430612801858,-2.633543061280186,中國國民黨,KMT
新竹縣,2004,975383,891249,0.046827683267899545,0.010815087103630106,0.03601259616426944,3.601259616426944,中國國民黨,KMT
新竹縣,2005,1053182,894574,0.07674112232823305,0.003723777599661915,0.07301734472857113,7.301734472857113,中國國民黨,KMT
新竹縣,2006,957811,913092,-0.09492086421023416,0.020489014913620096,-0.11540987912385425,-11.540987912385425,中國國民黨,KMT
新竹縣,2007,910180,923874,-0.051008090346465806,0.011739056485431831,-0.06274714683189764,-6.274714683189764,中國國民黨,KMT
新竹縣,2008,1063948,913687,0.15609941437843133,-0.011087636668321466,0.1671870510467528,16.71870510467528,中國國民黨,KMT
新竹縣,2009,1011033,887605,-0.05101393708953239,-0.028961237827966002,-0.02205269926156639,-2.205269926156639,中國國民黨,KMT
新竹縣,2010,1052587,889353,0.04027836303557919,0.001967407855257619,0.03831095518032157,3.831095518032157,中國國民黨,KMT
新竹縣,2011,1097918,907988,0.04216471556917689,0.02073693058900794,0.02142778498016895,2.142778498016895,中國國民黨,KMT
新竹縣,2012,1093853,923584,-0.0037093333755322533,0.01703059115868122,-0.020739924534213472,-2.073992453421347,中國國民黨,KMT
新竹縣,2013,1073893,942208,-0.018415962121411056,0.01996430318257225,-0.03838026530398331,-3.8380265303983307,中國國民黨,KMT
新竹縣,2014,1108941,956849,0.03211514230794954,0.015419537263454686,0.016695605044494854,1.6695605044494854,中國國民黨,KMT
新竹縣,2015,1026352,964895,-0.07739473803880159,0.008373692869138694,-0.08576843090794029,-8.576843090794029,中國國民黨,KMT
新竹縣,2016,1105002,993115,0.07383637709068402,0.02882718088557823,0.045009196205105795,4.5009196205105795,中國國民黨,KMT
新竹縣,2017,1271770,1018941,0.14056248603556298,0.0256726636302389,0.11488982240532408,11.488982240532408,中國國民黨,KMT
新竹縣,2018,1183400,1036304,-0.07201797969793589,0.0168966844242604,-0.08891466412219629,-8.891466412219629,中國國民黨,KMT
新竹縣,2019,1224585,1059731,0.03421035982864318,0.022354565246384794,0.011855794582258383,1.1855794582258383,中國國民黨,KMT
新竹縣,2020,1294404,1079648,0.055448346463073506,0.01861995975169961,0.036828386711373895,3.6828386711373895,中國國民黨,KMT
新竹縣,2021,1350178,1090554,0.042186078058325194,0.010050761918202866,0.03213531614012233,3.2135316140122328,中國國民黨,KMT
新竹縣,2022,1380296,1108569,0.02206153331195715,0.01638417041275808,0.005677362899199068,0.5677362899199068,中國國民黨,KMT
新竹縣,2023,1429260,1136708,0.03485885889159057,0.025066371186772685,0.009792487704817887,0.9792487704817887,中國國民黨,KMT
新竹縣,2024,1481536,1165206,0.035922559618457583,0.024761529817933337,0.011161029800524247,1.1161029800524247,中國國民黨,KMT
桃園市,1999,944302,889053,-0.006263292187352221,0.01802085734396286,-0.02428414953131508,-2.428414953131508,民主進步黨,DPP
桃園市,2000,985426,891445,0.04262800474828943,0.002686890340863002,0.039941114407426426,3.9941114407426426,民主進步黨,DPP
桃園市,2001,923301,868651,-0.06511874313646615,-0.025902308074623903,-0.03921643506184225,-3.9216435061842247,民主進步黨,DPP
桃園市,2002,979979,875919,0.05957585101400653,0.008332187356849374,0.05124366365715716,5.124366365715716,中國國民黨,KMT
桃園市,2003,959744,881662,-0.020864560630256435,0.00653514169686531,-0.027399702327121744,-2.7399702327121744,中國國民黨,KMT
桃園市,2004,995951,891249,0.03703147735390999,0.010815087103630106,0.026216390250279886,2.6216390250279886,中國國民黨,KMT
桃園市,2005,985537,894574,-0.010511389305536412,0.003723777599661915,-0.014235166905198327,-1.4235166905198327,中國國民黨,KMT
桃園市,2006,981273,913092,-0.0043359619693479345,0.020489014913620096,-0.02482497688296803,-2.482497688296803,中國國民黨,KMT
桃園市,2007,1003789,923874,0.022686410490187825,0.011739056485431831,0.010947354004755994,1.0947354004755994,中國國民黨,KMT
桃園市,2008,960037,913687,-0.04456529341671356,-0.011087636668321466,-0.03347765674839209,-3.3477656748392093,中國國民黨,KMT
桃園市,2009,940942,887605,-0.020090324256923253,-0.028961237827966002,0.008870913571042749,0.8870913571042749,中國國民黨,KMT
桃園市,2010,915499,889353,-0.027412229314235148,0.001967407855257619,-0.029379637169492767,-2.9379637169492767,中國國民黨,KMT
桃園市,2011,961998,907988,0.04954309984678673,0.02073693058900794,0.02880616925777879,2.880616925777879,中國國民黨,KMT
桃園市,2012,1007045,923584,0.045763207248326054,0.01703059115868122,0.028732616089644836,2.8732616089644836,中國國民黨,KMT
桃園市,2013,1027658,942208,0.02026212692854301,0.01996430318257225,0.00029782374597076,0.029782374597076,中國國民黨,KMT
桃園市,2014,1088867,956849,0.05785527924124345,0.015419537263454686,0.042435741977788766,4.243574197778877,中國國民黨,KMT
桃園市,2015,1073806,964895,-0.013928359474013163,0.008373692869138694,-0.022302052343151857,-2.2302052343151857,民主進步黨,DPP
桃園市,2016,1087073,993115,0.012279416574401125,0.02882718088557823,-0.016547764311177104,-1.6547764311177104,民主進步黨,DPP
桃園市,2017,1105711,1018941,0.016999803767850707,0.0256726636302389,-0.008672859862388194,-0.8672859862388194,民主進步黨,DPP
桃園市,2018,1129990,1036304,0.02172021616189035,0.0168966844242604,0.004823531737629949,0.4823531737629949,民主進步黨,DPP
桃園市,2019,1147356,1059731,0.015251381754360693,0.022354565246384794,-0.007103183492024101,-0.7103183492024101,民主進步黨,DPP
桃園市,2020,1182717,1079648,0.03035416917995093,0.01861995975169961,0.011734209428251319,1.1734209428251319,民主進步黨,DPP
桃園市,2021,1190800,1090554,0.006811016097602263,0.010050761918202866,-0.0032397458206006036,-0.32397458206006036,民主進步黨,DPP
桃園市,2022,1195169,1108569,0.0036622478188998997,0.01638417041275808,-0.012721922593858181,-1.2721922593858181,民主進步黨,DPP
桃園市,2023,1223521,1136708,0.02344516964904031,0.025066371186772685,-0.0016212015377323752,-0.16212015377323752,中國國民黨,KMT
桃園市,2024,1240719,1165206,0.013958282657689836,0.024761529817933337,-0.010803247160243501,-1.08032471602435,中國國民黨,KMT
澎湖縣,1999,588607,889053,0.15394513085364103,0.01802085734396286,0.13592427350967817,13.592427350967817,中國國民黨,KMT
澎湖縣,2000,697315,891445,0.16947851718489737,0.002686890340863002,0.16679162684403437,16.679162684403437,中國國民黨,KMT
澎湖縣,2001,595548,868651,-0.1577552554591346,-0.025902308074623903,-0.1318529473845107,-13.18529473845107,中國國民黨,KMT
澎湖縣,2002,605641,875919,0.01680541120371437,0.008332187356849374,0.008473223846864997,0.8473223846864997,中國國民黨,KMT
澎湖縣,2003,588048,881662,-0.029478824064780085,0.00653514169686531,-0.036013965761645395,-3.6013965761645395,中國國民黨,KMT
澎湖縣,2004,720582,891249,0.20325064159807127,0.010815087103630106,0.19243555449444116,19.243555449444116,中國國民黨,KMT
澎湖縣,2005,628399,894574,-0.13688390378088933,0.003723777599661915,-0.14060768138055124,-14.060768138055124,中國國民黨,KMT
澎湖縣,2006,705881,913092,0.1162713530083117,0.020489014913620096,0.09578233809469161,9.578233809469161,民主進步黨,DPP
澎湖縣,2007,644462,923874,-0.09103080783885531,0.011739056485431831,-0.10276986432428714,-10.276986432428714,民主進步黨,DPP
澎湖縣,2008,732450,913687,0.1279792189692177,-0.011087636668321466,0.13906685563753918,13.906685563753918,民主進步黨,DPP
澎湖縣,2009,689166,887605,-0.060912908298385915,-0.028961237827966002,-0.03195167047041991,-3.1951670470419913,民主進步黨,DPP
澎湖縣,2010,827323,889353,0.1827130162135706,0.001967407855257619,0.180745608358313,18.0745608358313,民主進步黨,DPP
澎湖縣,2011,673081,907988,-0.20632950807632788,0.02073693058900794,-0.22706643866533582,-22.706643866533582,民主進步黨,DPP
澎湖縣,2012,727056,923584,0.0771378244381431,0.01703059115868122,0.06010723327946188,6.010723327946188,民主進步黨,DPP
澎湖縣,2013,769955,942208,0.05732856812873344,0.01996430318257225,0.037364264946161185,3.7364264946161185,民主進步黨,DPP
澎湖縣,2014,771376,956849,0.0018438614452005453,0.015419537263454686,-0.01357567581825414,-1.357567581825414,民主進步黨,DPP
澎湖縣,2015,673239,964895,-0.13607554012425638,0.008373692869138694,-0.14444923299339507,-14.444923299339507,民主進步黨,DPP
澎湖縣,2016,896505,993115,0.2864034773720192,0.02882718088557823,0.257576296486441,25.757629648644098,民主進步黨,DPP
澎湖縣,2017,724107,1018941,-0.21356469875338568,0.0256726636302389,-0.23923736238362459,-23.92373623836246,民主進步黨,DPP
澎湖縣,2018,792436,1036304,0.09017257387152355,0.0168966844242604,0.07327588944726315,7.327588944726315,民主進步黨,DPP
澎湖縣,2019,867725,1059731,0.09076309879309186,0.022354565246384794,0.06840853354670706,6.840853354670706,中國國民黨,KMT
澎湖縣,2020,919475,1079648,0.057928010799544793,0.01861995975169961,0.03930805104784518,3.9308051047845183,中國國民黨,KMT
澎湖縣,2021,676810,1090554,-0.3064122713886803,0.010050761918202866,-0.3164630333068832,-31.64630333068832,中國國民黨,KMT
澎湖縣,2022,767244,1108569,0.12541428973584523,0.01638417041275808,0.10903011932308715,10.903011932308715,中國國民黨,KMT
澎湖縣,2023,900915,1136708,0.16060604020301916,0.025066371186772685,0.13553966901624648,13.553966901624648,民主進步黨,DPP
澎湖縣,2024,792956,1165206,-0.1276431789380723,0.024761529817933337,-0.15240470875600565,-15.240470875600565,民主進步黨,DPP
臺中市,1999,925933,889053,0.03789307540431608,0.01802085734396286,0.01987221806035322,1.987221806035322,民主進步黨,DPP
臺中市,2000,855399,891445,-0.0792338510684214,0.002686890340863002,-0.0819207414092844,-8.19207414092844,民主進步黨,DPP
臺中市,2001,866609,868651,0.013019867917741124,-0.025902308074623903,0.03892217599236503,3.8922175992365027,民主進步黨,DPP
臺中市,2002,843776,875919,-0.026700838139356975,0.008332187356849374,-0.03503302549620635,-3.503302549620635,中國國民黨,KMT
臺中市,2003,856510,881662,0.014978936592465075,0.00653514169686531,0.008443794895599765,0.8443794895599765,中國國民黨,KMT
臺中市,2004,820520,891249,-0.04292770750531538,0.010815087103630106,-0.05374279460894549,-5.374279460894549,中國國民黨,KMT
臺中市,2005,829541,894574,0.010934250160953951,0.003723777599661915,0.007210472561292036,0.7210472561292036,中國國民黨,KMT
臺中市,2006,881886,913092,0.061190260177498956,0.020489014913620096,0.04070124526387886,4.070124526387886,中國國民黨,KMT
臺中市,2007,930676,923874,0.05384840786477163,0.011739056485431831,0.0421093513793398,4.21093513793398,中國國民黨,KMT
臺中市,2008,861977,913687,-0.07668261564401391,-0.011087636668321466,-0.06559497897569244,-6.559497897569244,中國國民黨,KMT
臺中市,2009,814673,887605,-0.056441782439236476,-0.028961237827966002,-0.027480544611270474,-2.7480544611270474,中國國民黨,KMT
臺中市,2010,823848,889353,0.01119924114019355,0.001967407855257619,0.00923183328493593,0.9231833284935931,中國國民黨,KMT
臺中市,2011,915341,907988,0.10531062656999879,0.02073693058900794,0.08457369598099085,8.457369598099085,中國國民黨,KMT
臺中市,2012,886682,923584,-0.03181026725291147,0.01703059115868122,-0.04884085841159269,-4.884085841159269,中國國民黨,KMT
臺中市,2013,928938,942208,0.046555591967120336,0.01996430318257225,0.026591288784548084,2.6591288784548084,中國國民黨,KMT
臺中市,2014,955599,956849,0.028296370829838935,0.015419537263454686,0.01287683356638425,1.287683356638425,中國國民黨,KMT
臺中市,2015,970157,964895,0.01511954508216462,0.008373692869138694,0.006745852213025927,0.6745852213025927,民主進步黨,DPP
臺中市,2016,949050,993115,-0.021996429809313156,0.02882718088557823,-0.050823610694891386,-5.082361069489139,民主進步黨,DPP
臺中市,2017,1033169,1018941,0.08492457263909081,0.0256726636302389,0.05925190900885191,5.925190900885191,民主進步黨,DPP
臺中市,2018,1065509,1036304,0.03082184134152577,0.0168966844242604,0.013925156917265369,1.3925156917265369,民主進步黨,DPP
臺中市,2019,1082584,1059731,0.015898156776870564,0.022354565246384794,-0.00645640846951423,-0.645640846951423,中國國民黨,KMT
臺中市,2020,1082645,1079648,5.63450794484055e-05,0.01861995975169961,-0.018563614672251205,-1.8563614672251205,中國國民黨,KMT
臺中市,2021,1084908,1090554,0.002088069654796243,0.010050761918202866,-0.007962692263406623,-0.7962692263406623,中國國民黨,KMT
臺中市,2022,1102924,1108569,0.0164696441350074,0.01638417041275808,8.547372224931848e-05,0.008547372224931848,中國國民黨,KMT
臺中市,2023,1117013,1136708,0.012693323430655212,0.025066371186772685,-0.012373047756117472,-1.2373047756117472,中國國民黨,KMT
臺中市,2024,1171877,1165206,0.0479485785055882,0.024761529817933337,0.023187048687654865,2.3187048687654865,中國國民黨,KMT
臺北市,1999,1208578,889053,0.010343920344084268,0.01802085734396286,-0.007676936999878592,-0.7676936999878592,中國國民黨,KMT
臺北市,2000,1237777,891445,0.023872566896191216,0.002686890340863002,0.021185676555328214,2.1185676555328214,中國國民黨,KMT
臺北市,2001,1217932,868651,-0.016162690295521642,-0.025902308074623903,0.009739617779102261,0.9739617779102261,中國國民黨,KMT
臺北市,2002,1232387,875919,0.01179860066058147,0.008332187356849374,0.0034664133037320966,0.34664133037320966,中國國民黨,KMT
臺北市,2003,1232396,881662,7.302874125869607e-06,0.00653514169686531,-0.00652783882273944,-0.652783882273944,中國國民黨,KMT
臺北市,2004,1225096,891249,-0.005941033762590919,0.010815087103630106,-0.016756120866221025,-1.6756120866221025,中國國民黨,KMT
臺北市,2005,1236014,894574,0.008872477559123126,0.003723777599661915,0.0051486999594612115,0.5148699959461212,中國國民黨,KMT
臺北市,2006,1262406,913092,0.021127738117696637,0.020489014913620096,0.0006387232040765412,0.06387232040765412,中國國民黨,KMT
臺北市,2007,1287803,923874,0.019918241723622998,0.011739056485431831,0.008179185238191167,0.8179185238191167,中國國民黨,KMT
臺北市,2008,1271060,913687,-0.0130864676567235,-0.011087636668321466,-0.001998830988402034,-0.1998830988402034,中國國民黨,KMT
臺北市,2009,1246310,887605,-0.019664012448483703,-0.028961237827966002,0.009297225379482299,0.9297225379482299,中國國民黨,KMT
臺北市,2010,1298640,889353,0.04113037745214854,0.001967407855257619,0.03916296959689092,3.9162969596890918,中國國民黨,KMT
臺北市,2011,1251519,907988,-0.03695954946414126,0.02073693058900794,-0.0576964800531492,-5.76964800531492,中國國民黨,KMT
臺北市,2012,1278278,923584,0.02115584612992194,0.01703059115868122,0.004125254971240722,0.41252549712407216,中國國民黨,KMT
臺北市,2013,1279195,942208,0.0007171141508024448,0.01996430318257225,-0.019247189031769807,-1.9247189031769807,中國國民黨,KMT
臺北市,2014,1292604,956849,0.01042781454297348,0.015419537263454686,-0.0049917227204812065,-0.49917227204812065,中國國民黨,KMT
臺北市,2015,1314031,964895,0.016440723489356657,0.008373692869138694,0.008067030620217963,0.8067030620217963,無黨籍,IND
臺北市,2016,1320834,993115,0.005163843397657075,0.02882718088557823,-0.023663337487921154,-2.3663337487921154,無黨籍,IND
臺北市,2017,1344538,1018941,0.017787104355264205,0.0256726636302389,-0.007885559274974696,-0.7885559274974696,無黨籍,IND
臺北市,2018,1379305,1036304,0.025529289497667307,0.0168966844242604,0.008632605073406907,0.8632605073406907,無黨籍,IND
臺北市,2019,1422400,1059731,0.030765836657549173,0.022354565246384794,0.008411271411164378,0.8411271411164378,無黨籍,IND
臺北市,2020,1422856,1079648,0.0003205335505160889,0.01861995975169961,-0.018299426201183522,-1.8299426201183522,無黨籍,IND
臺北市,2021,1430572,1090554,0.0054082449651229325,0.010050761918202866,-0.004642516953079934,-0.4642516953079934,無黨籍,IND
臺北市,2022,1444264,1108569,0.009525484951714347,0.01638417041275808,-0.006858685461043734,-0.6858685461043734,無黨籍,IND
臺北市,2023,1448219,1136708,0.002734676376507039,0.025066371186772685,-0.022331694810265645,-2.2331694810265645,中國國民黨,KMT
臺北市,2024,1485461,1165206,0.025390636167919922,0.024761529817933337,0.0006291063499865857,0.06291063499865857,中國國民黨,KMT
臺南市,1999,736363,889053,-0.010851291004371433,0.01802085734396286,-0.028872148348334292,-2.8872148348334292,民主進步黨,DPP
臺南市,2000,763523,891445,0.036220044967681275,0.002686890340863002,0.03353315462681827,3.3533154626818273,民主進步黨,DPP
臺南市,2001,717591,868651,-0.06204347977201863,-0.025902308074623903,-0.036141171697394725,-3.6141171697394725,民主進步黨,DPP
臺南市,2002,746442,875919,0.03941814918657727,0.008332187356849374,0.031085961829727893,3.1085961829727893,民主進步黨,DPP
臺南市,2003,786875,881662,0.052751486752116605,0.00653514169686531,0.046216345055251296,4.6216345055251296,民主進步黨,DPP
臺南市,2004,787897,891249,0.001297965855986405,0.010815087103630106,-0.0095171212476437,-0.9517121247643701,民主進步黨,DPP
臺南市,2005,737099,894574,-0.0666451591282975,0.003723777599661915,-0.07036893672795941,-7.036893672795941,民主進步黨,DPP
臺南市,2006,791254,913092,0.07089681721156715,0.020489014913620096,0.05040780229794706,5.040780229794706,民主進步黨,DPP
臺南市,2007,815882,923874,0.03065070792638025,0.011739056485431831,0.018911651440948418,1.8911651440948418,民主進步黨,DPP
臺南市,2008,810038,913687,-0.007188576517924261,-0.011087636668321466,0.0038990601503972044,0.38990601503972044,民主進步黨,DPP
臺南市,2009,770804,887605,-0.04964703420598049,-0.028961237827966002,-0.020685796378014487,-2.0685796378014487,民主進步黨,DPP
臺南市,2010,740706,889353,-0.03983034050838263,0.001967407855257619,-0.04179774836364025,-4.179774836364025,民主進步黨,DPP
臺南市,2011,783223,907988,0.05581367205386201,0.02073693058900794,0.035076741464854067,3.5076741464854067,民主進步黨,DPP
臺南市,2012,770078,923584,-0.01692564906716143,0.01703059115868122,-0.03395624022584265,-3.395624022584265,民主進步黨,DPP
臺南市,2013,830467,942208,0.07549638474589138,0.01996430318257225,0.055532081563319124,5.5532081563319124,民主進步黨,DPP
臺南市,2014,829957,956849,-0.0006143009448642545,0.015419537263454686,-0.01603383820831894,-1.603383820831894,民主進步黨,DPP
臺南市,2015,837530,964895,0.00908319173350236,0.008373692869138694,0.0007094988643636668,0.07094988643636668,民主進步黨,DPP
臺南市,2016,884524,993115,0.054592563252526816,0.02882718088557823,0.025765382366948586,2.5765382366948586,民主進步黨,DPP
臺南市,2017,902536,1018941,0.020158931402441738,0.0256726636302389,-0.005513732227797163,-0.5513732227797163,民主進步黨,DPP
臺南市,2018,898912,1036304,-0.004023435468338832,0.0168966844242604,-0.02092011989259923,-2.092011989259923,民主進步黨,DPP
臺南市,2019,904114,1059731,0.005770315496329559,0.022354565246384794,-0.016584249750055235,-1.6584249750055235,民主進步黨,DPP
臺南市,2020,904141,1079648,2.9863044760602975e-05,0.01861995975169961,-0.018590096706939008,-1.8590096706939008,民主進步黨,DPP
臺南市,2021,924875,1090554,0.022673271564805475,0.010050761918202866,0.012622509646602609,1.2622509646602609,民主進步黨,DPP
臺南市,2022,941880,1108569,0.018219284681007863,0.01638417041275808,0.0018351142682497823,0.18351142682497823,民主進步黨,DPP
臺南市,2023,971186,1136708,0.03064012711810271,0.025066371186772685,0.005573755931330027,0.5573755931330027,民主進步黨,DPP
臺南市,2024,1009768,1165206,0.038957875434414646,0.024761529817933337,0.01419634561648131,1.419634561648131,民主進步黨,DPP
臺東縣,1999,574406,889053,0.02145568171320633,0.01802085734396286,0.003434824369243472,0.3434824369243472,中國國民黨,KMT
臺東縣,2000,641298,891445,0.11015778412283339,0.002686890340863002,0.10747089378197039,10.747089378197039,中國國民黨,KMT
臺東縣,2001,627005,868651,-0.02253973240195961,-0.025902308074623903,0.003362575672664292,0.3362575672664292,中國國民黨,KMT
臺東縣,2002,651312,875919,0.038034274988923755,0.008332187356849374,0.02970208763207438,2.970208763207438,中國國民黨,KMT
臺東縣,2003,619787,881662,-0.04961291944593249,0.00653514169686531,-0.0561480611427978,-5.61480611427978,中國國民黨,KMT
臺東縣,2004,631719,891249,0.019068804395026007,0.010815087103630106,0.008253717291395901,0.8253717291395901,中國國民黨,KMT
臺東縣,2005,597433,894574,-0.055802531393823074,0.003723777599661915,-0.05952630899348499,-5.952630899348499,中國國民黨,KMT
臺東縣,2006,624932,913092,0.04500070019027547,0.020489014913620096,0.02451168527665537,2.451168527665537,中國國民黨,KMT
臺東縣,2007,720459,923874,0.14224566507604308,0.011739056485431831,0.13050660859061125,13.050660859061125,中國國民黨,KMT
臺東縣,2008,586479,913687,-0.2057516470673999,-0.011087636668321466,-0.19466401039907844,-19.466401039907844,中國國民黨,KMT
臺東縣,2009,667547,887605,0.12947293795471992,-0.028961237827966002,0.15843417578268593,15.843417578268593,中國國民黨,KMT
臺東縣,2010,568409,889353,-0.16076856976325082,0.001967407855257619,-0.16273597761850844,-16.273597761850844,中國國民黨,KMT
臺東縣,2011,607872,907988,0.06712310346923722,0.02073693058900794,0.04638617288022928,4.638617288022928,中國國民黨,KMT
臺東縣,2012,670017,923584,0.09733875171084527,0.01703059115868122,0.08030816055216405,8.030816055216405,中國國民黨,KMT
臺東縣,2013,676390,942208,0.009466747566301947,0.01996430318257225,-0.010497555616270304,-1.0497555616270304,中國國民黨,KMT
臺東縣,2014,697540,956849,0.03079002695770683,0.015419537263454686,0.015370489694252143,1.5370489694252143,中國國民黨,KMT
臺東縣,2015,636162,964895,-0.09210661183506375,0.008373692869138694,-0.10048030470420244,-10.048030470420244,中國國民黨,KMT
臺東縣,2016,674647,993115,0.058736343230350485,0.02882718088557823,0.029909162344772255,2.9909162344772255,中國國民黨,KMT
臺東縣,2017,752275,1018941,0.10891235747362238,0.0256726636302389,0.08323969384338348,8.323969384338348,中國國民黨,KMT
臺東縣,2018,751292,1036304,-0.001307557481712962,0.0168966844242604,-0.018204241905973362,-1.8204241905973362,中國國民黨,KMT
臺東縣,2019,746775,1059731,-0.006030456166394416,0.022354565246384794,-0.02838502141277921,-2.838502141277921,中國國民黨,KMT
臺東縣,2020,764655,1079648,0.023660816769879744,0.01861995975169961,0.005040857018180134,0.5040857018180134,中國國民黨,KMT
臺東縣,2021,782652,1090554,0.02326340103951452,0.010050761918202866,0.013212639121311653,1.3212639121311653,中國國民黨,KMT
臺東縣,2022,779852,1108569,-0.0035839946613513973,0.01638417041275808,-0.01996816507410948,-1.9968165074109478,中國國民黨,KMT
臺東縣,2023,789468,1136708,0.012255142801686603,0.025066371186772685,-0.012811228385086082,-1.2811228385086082,中國國民黨,KMT
臺東縣,2024,782735,1165206,-0.008565104075731966,0.024761529817933337,-0.0333266338936653,-3.3326633893665303,中國國民黨,KMT
花蓮縣,1999,711084,889053,-0.010935872738498276,0.01802085734396286,-0.028956730082461135,-2.8956730082461135,中國國民黨,KMT
花蓮縣,2000,741877,891445,0.042392894947477444,0.002686890340863002,0.03970600460661444,3.9706004606614442,中國國民黨,KMT
花蓮縣,2001,744651,868651,0.0037321910115082346,-0.025902308074623903,0.029634499086132138,2.963449908613214,中國國民黨,KMT
花蓮縣,2002,689347,875919,-0.07717087956131152,0.008332187356849374,-0.0855030669181609,-8.55030669181609,中國國民黨,KMT
花蓮縣,2003,730767,881662,0.05834989480841557,0.00653514169686531,0.05181475311155026,5.181475311155026,中國國民黨,KMT
花蓮縣,2004,714810,891249,-0.022077894376190343,0.010815087103630106,-0.03289298147982045,-3.289298147982045,中國國民黨,KMT
花蓮縣,2005,662744,894574,-0.07562798117398906,0.003723777599661915,-0.07935175877365097,-7.935175877365097,中國國民黨,KMT
花蓮縣,2006,726258,913092,0.09151653165530682,0.020489014913620096,0.07102751674168672,7.1027516741686725,中國國民黨,KMT
花蓮縣,2007,724680,923874,-0.0021751454881737686,0.011739056485431831,-0.0139142019736056,-1.39142019736056,中國國民黨,KMT
花蓮縣,2008,695030,913687,-0.041775168006994434,-0.011087636668321466,-0.03068753133867297,-3.068753133867297,中國國民黨,KMT
花蓮縣,2009,655696,887605,-0.05825774320062038,-0.028961237827966002,-0.02929650537265438,-2.929650537265438,中國國民黨,KMT
花蓮縣,2010,741246,889353,0.12263528710712812,0.001967407855257619,0.1206678792518705,12.06678792518705,無黨籍,IND
花蓮縣,2011,757041,907988,0.0210848591259456,0.02073693058900794,0.00034792853693765835,0.034792853693765835,無黨籍,IND
花蓮縣,2012,761611,923584,0.006018513516893975,0.01703059115868122,-0.011012077641787243,-1.1012077641787243,無黨籍,IND
花蓮縣,2013,790373,942208,0.037069059281002126,0.01996430318257225,0.017104756098429874,1.7104756098429874,無黨籍,IND
花蓮縣,2014,715443,956849,-0.09960305467828157,0.015419537263454686,-0.11502259194173625,-11.502259194173625,無黨籍,IND
花蓮縣,2015,768611,964895,0.07168305851106993,0.008373692869138694,0.06330936564193124,6.330936564193124,無黨籍,IND
花蓮縣,2016,782381,993115,0.017756844408207684,0.02882718088557823,-0.011070336477370546,-1.1070336477370546,無黨籍,IND
花蓮縣,2017,752426,1018941,-0.039039181255146715,0.0256726636302389,-0.06471184488538562,-6.471184488538562,無黨籍,IND
花蓮縣,2018,789072,1036304,0.04755491851824978,0.0168966844242604,0.03065823409398938,3.065823409398938,無黨籍,IND
花蓮縣,2019,809661,1059731,0.025758070109382913,0.022354565246384794,0.003403504862998119,0.3403504862998119,中國國民黨,KMT
花蓮縣,2020,873311,1079648,0.07567609369631789,0.01861995975169961,0.05705613394461828,5.705613394461828,中國國民黨,KMT
花蓮縣,2021,870890,1090554,-0.0027760579827500464,0.010050761918202866,-0.012826819900952913,-1.2826819900952913,中國國民黨,KMT
花蓮縣,2022,859654,1108569,-0.012985694546708615,0.01638417041275808,-0.029369864959466696,-2.9369864959466696,中國國民黨,KMT
花蓮縣,2023,868593,1136708,0.010344678411311037,0.025066371186772685,-0.014721692775461648,-1.4721692775461648,中國國民黨,KMT
花蓮縣,2024,903665,1165206,0.039584055368154125,0.024761529817933337,0.014822525550220789,1.4822525550220789,中國國民黨,KMT
苗栗縣,1999,779814,889053,0.02392154010370895,0.01802085734396286,0.00590068275974609,0.590068275974609,中國國民黨,KMT
苗栗縣,2000,788159,891445,0.01064441644475167,0.002686890340863002,0.007957526103888668,0.7957526103888668,中國國民黨,KMT
苗栗縣,2001,777341,868651,-0.013820724621087521,-0.025902308074623903,0.012081583453536382,1.2081583453536382,中國國民黨,KMT
苗栗縣,2002,762664,875919,-0.019061554210397347,0.008332187356849374,-0.02739374156724672,-2.739374156724672,中國國民黨,KMT
苗栗縣,2003,778215,881662,0.020185268293296588,0.00653514169686531,0.013650126596431278,1.3650126596431278,中國國民黨,KMT
苗栗縣,2004,732410,891249,-0.0606623691669963,0.010815087103630106,-0.0714774562706264,-7.1477456270626405,中國國民黨,KMT
苗栗縣,2005,768863,894574,0.0485723337401307,0.003723777599661915,0.04484855614046879,4.484855614046879,中國國民黨,KMT
苗栗縣,2006,849510,913092,0.09974691248467238,0.020489014913620096,0.07925789757105228,7.925789757105228,中國國民黨,KMT
苗栗縣,2007,826541,923874,-0.027410189866809986,0.011739056485431831,-0.03914924635224182,-3.9149246352241818,中國國民黨,KMT
苗栗縣,2008,754346,913687,-0.09139837411261631,-0.011087636668321466,-0.08031073744429484,-8.031073744429484,中國國民黨,KMT
苗栗縣,2009,756823,887605,0.0032782597027285476,-0.028961237827966002,0.03223949753069455,3.223949753069455,中國國民黨,KMT
苗栗縣,2010,788968,889353,0.0415963539590809,0.001967407855257619,0.03962894610382328,3.962894610382328,中國國民黨,KMT
苗栗縣,2011,833967,907988,0.05546807087512029,0.02073693058900794,0.03473114028611235,3.473114028611235,中國國民黨,KMT
苗栗縣,2012,826530,923584,-0.008957618987587068,0.01703059115868122,-0.025988210146268287,-2.5988210146268287,中國國民黨,KMT
苗栗縣,2013,839394,942208,0.015443988668124575,0.01996430318257225,-0.004520314514447676,-0.45203145144476764,中國國民黨,KMT
苗栗縣,2014,913472,956849,0.08457252109618985,0.015419537263454686,0.06915298383273516,6.915298383273516,中國國民黨,KMT
苗栗縣,2015,827540,964895,-0.09879527955576606,0.008373692869138694,-0.10716897242490475,-10.716897242490475,中國國民黨,KMT
苗栗縣,2016,962522,993115,0.1510994785920392,0.02882718088557823,0.12227229770646098,12.227229770646098,中國國民黨,KMT
苗栗縣,2017,853451,1018941,-0.12026879311911642,0.0256726636302389,-0.14594145674935532,-14.594145674935532,中國國民黨,KMT
苗栗縣,2018,870498,1036304,0.019777331750988836,0.0168966844242604,0.002880647326728436,0.2880647326728436,中國國民黨,KMT
苗栗縣,2019,900087,1059731,0.03342596364360695,0.022354565246384794,0.011071398397222154,1.1071398397222154,中國國民黨,KMT
苗栗縣,2020,970239,1079648,0.07505100758148764,0.01861995975169961,0.05643104782978803,5.643104782978803,中國國民黨,KMT
苗栗縣,2021,1007110,1090554,0.03729768920480403,0.010050761918202866,0.027246927286601164,2.7246927286601164,中國國民黨,KMT
苗栗縣,2022,1061582,1108569,0.05267540523009373,0.01638417041275808,0.03629123481733565,3.629123481733565,中國國民黨,KMT
苗栗縣,2023,1115312,1136708,0.04937393804408963,0.025066371186772685,0.024307566857316942,2.4307566857316942,無黨籍,IND
苗栗縣,2024,1163673,1165206,0.04244719560918497,0.024761529817933337,0.017685665791251637,1.7685665791251637,無黨籍,IND
雲林縣,1999,742533,889053,0.11525805563798563,0.01802085734396286,0.09723719829402278,9.723719829402278,中國國民黨,KMT
雲林縣,2000,694363,891445,-0.06707243561728404,0.002686890340863002,-0.06975932595814704,-6.9759325958147045,中國國民黨,KMT
雲林縣,2001,732284,868651,0.05317353834293925,-0.025902308074623903,0.07907584641756316,7.907584641756316,中國國民黨,KMT
雲林縣,2002,688011,875919,-0.062363590681705716,0.008332187356849374,-0.07069577803855509,-7.069577803855509,中國國民黨,KMT
雲林縣,2003,673606,881662,-0.02115945592575663,0.00653514169686531,-0.02769459762262194,-2.769459762262194,中國國民黨,KMT
雲林縣,2004,703806,891249,0.04385737974846826,0.010815087103630106,0.033042292644838156,3.3042292644838156,中國國民黨,KMT
雲林縣,2005,648685,894574,-0.08155551321808652,0.003723777599661915,-0.08527929081774843,-8.527929081774843,中國國民黨,KMT
雲林縣,2006,764109,913092,0.16376321236492153,0.020489014913620096,0.14327419745130143,14.327419745130143,民主進步黨,DPP
雲林縣,2007,663716,923874,-0.14085610200848286,0.011739056485431831,-0.1525951584939147,-15.25951584939147,民主進步黨,DPP
雲林縣,2008,643980,913687,-0.03018667741720016,-0.011087636668321466,-0.019099040748878693,-1.9099040748878693,民主進步黨,DPP
雲林縣,2009,615006,887605,-0.04603564586499864,-0.028961237827966002,-0.01707440803703264,-1.707440803703264,民主進步黨,DPP
雲林縣,2010,616480,889353,0.0023938570213584143,0.001967407855257619,0.0004264491661007952,0.04264491661007952,民主進步黨,DPP
雲林縣,2011,674055,907988,0.08928582907905458,0.02073693058900794,0.06854889849004664,6.854889849004664,民主進步黨,DPP
雲林縣,2012,684977,923584,0.016073551099280436,0.01703059115868122,-0.0009570400594007822,-0.09570400594007822,民主進步黨,DPP
雲林縣,2013,704313,942208,0.02783759856828283,0.01996430318257225,0.007873295385710577,0.7873295385710577,民主進步黨,DPP
雲林縣,2014,730035,956849,0.0358696185741163,0.015419537263454686,0.020450081310661616,2.0450081310661616,民主進步黨,DPP
雲林縣,2015,732732,964895,0.003687536095814181,0.008373692869138694,-0.004686156773324512,-0.46861567733245124,民主進步黨,DPP
雲林縣,2016,753126,993115,0.027452530184572055,0.02882718088557823,-0.0013746507010061748,-0.13746507010061748,民主進步黨,DPP
雲林縣,2017,745074,1018941,-0.010749002173131572,0.0256726636302389,-0.03642166580337047,-3.6421665803370473,民主進步黨,DPP
雲林縣,2018,726847,1036304,-0.024767540841070357,0.0168966844242604,-0.04166422526533076,-4.166422526533076,民主進步黨,DPP
雲林縣,2019,797654,1059731,0.09295891800043954,0.022354565246384794,0.07060435275405474,7.060435275405474,中國國民黨,KMT
雲林縣,2020,830718,1079648,0.040615467617435286,0.01861995975169961,0.021995507865735675,2.1995507865735675,中國國民黨,KMT
雲林縣,2021,873727,1090554,0.050477582799887344,0.010050761918202866,0.04042682088168448,4.042682088168448,中國國民黨,KMT
雲林縣,2022,869524,1108569,-0.004822034398964448,0.01638417041275808,-0.02120620481172253,-2.120620481172253,中國國民黨,KMT
雲林縣,2023,920910,1136708,0.057416376127138236,0.025066371186772685,0.03235000494036555,3.235000494036555,中國國民黨,KMT
雲林縣,2024,939002,1165206,0.019455297520746484,0.024761529817933337,-0.0053062322971868525,-0.5306232297186853,中國國民黨,KMT
高雄市,1999,846303,889053,0.01716280608996712,0.01802085734396286,-0.0008580512539957397,-0.08580512539957397,民主進步黨,DPP
高雄市,2000,835452,891445,-0.012904555755300251,0.002686890340863002,-0.015591446096163253,-1.5591446096163253,民主進步黨,DPP
高雄市,2001,820781,868651,-0.017716569756297318,-0.025902308074623903,0.008185738318326585,0.8185738318326585,民主進步黨,DPP
高雄市,2002,801248,875919,-0.024085813868513384,0.008332187356849374,-0.03241800122536276,-3.241800122536276,民主進步黨,DPP
高雄市,2003,802658,881662,0.0017582082281961675,0.00653514169686531,-0.004776933468669142,-0.4776933468669142,民主進步黨,DPP
高雄市,2004,841900,891249,0.04773252198350164,0.010815087103630106,0.036917434879871536,3.6917434879871536,民主進步黨,DPP
高雄市,2005,863104,894574,0.024873951328443056,0.003723777599661915,0.02115017372878114,2.115017372878114,民主進步黨,DPP
高雄市,2006,848785,913092,-0.01672927853597983,0.020489014913620096,-0.037218293449599926,-3.7218293449599926,民主進步黨,DPP
高雄市,2007,900028,923874,0.05861995881539883,0.011739056485431831,0.046880902329967,4.6880902329967,民主進步黨,DPP
高雄市,2008,884720,913687,-0.017154663184376417,-0.011087636668321466,-0.006067026516054952,-0.6067026516054952,民主進步黨,DPP
高雄市,2009,869558,887605,-0.017286174194572013,-0.028961237827966002,0.01167506363339399,1.167506363339399,民主進步黨,DPP
高雄市,2010,873346,889353,0.004346775226114374,0.001967407855257619,0.0023793673708567553,0.23793673708567553,民主進步黨,DPP
高雄市,2011,856346,907988,-0.019657311718507486,0.02073693058900794,-0.04039424230751543,-4.039424230751543,民主進步黨,DPP
高雄市,2012,894107,923584,0.043150954732375624,0.01703059115868122,0.026120363573694405,2.6120363573694405,民主進步黨,DPP
高雄市,2013,915255,942208,0.023377260161163704,0.01996430318257225,0.0034129569785914526,0.34129569785914526,民主進步黨,DPP
高雄市,2014,917659,956849,0.0026231469435806787,0.015419537263454686,-0.012796390319874007,-1.2796390319874007,民主進步黨,DPP
高雄市,2015,946918,964895,0.031386638290610946,0.008373692869138694,0.023012945421472253,2.3012945421472253,民主進步黨,DPP
高雄市,2016,964009,993115,0.01788813045867954,0.02882718088557823,-0.010939050426898689,-1.0939050426898689,民主進步黨,DPP
高雄市,2017,985517,1018941,0.022065745904281897,0.0256726636302389,-0.003606917725957004,-0.3606917725957004,民主進步黨,DPP
高雄市,2018,1003178,1036304,0.017761863242800047,0.0168966844242604,0.000865178818539647,0.0865178818539647,民主進步黨,DPP
高雄市,2019,1014869,1059731,0.011586579293366484,0.022354565246384794,-0.01076798595301831,-1.076798595301831,中國國民黨,KMT
高雄市,2020,1017796,1079648,0.0028799649948147987,0.01861995975169961,-0.015739994756884812,-1.5739994756884812,中國國民黨,KMT
高雄市,2021,1022366,1090554,0.00448004388242218,0.010050761918202866,-0.005570718035780686,-0.5570718035780686,民主進步黨,DPP
高雄市,2022,1035378,1108569,0.01264702843089971,0.01638417041275808,-0.0037371419818583718,-0.3737141981858372,民主進步黨,DPP
高雄市,2023,1091036,1136708,0.052361126123766866,0.025066371186772685,0.02729475493699418,2.729475493699418,民主進步黨,DPP
高雄市,2024,1143840,1165206,0.04726331947964013,0.024761529817933337,0.022501789661706795,2.2501789661706795,民主進步黨,DPP
